
================================================================================
⚠️  ERROR EMAIL DETECTED
================================================================================
Time:     2026-09-06 22:02:32
Email ID: 1418
Date:     Wed, 08 Jul 2026 00:11:09 -0700
From:     GitHub <noreply@github.com>
Subject:  [GitHub] A third-party OAuth application has been added to your
 account

Body (first 500 chars):
Hey wxs-lang!

A third-party OAuth application (ngrok.com) with user:email scopes was recently authorized to access your account.
Visit https://github.com/settings/connections/applications/e3ab4045e762cd114437 for more information.

To see this and other security events for your account, visit https://github.com/settings/security-log

If you run into problems, please contact support by visiting https://github.com/contact

Thanks,
The GitHub Team


================================================================================

================================================================================
⚠️  ERROR EMAIL DETECTED
================================================================================
Time:     2026-09-06 22:02:33
Email ID: 1423
Date:     Sat, 11 Jul 2026 08:14:02 -0700
From:     GitHub <noreply@github.com>
Subject:  [GitHub] A fine-grained personal access token has been added to your
 account

Body (first 500 chars):
Hey wxs-lang!

A fine-grained personal access token (codex专用) was recently added to your account. Visit https://github.com/settings/personal-access-tokens/16863122 for more information.
To see this and other security events for your account, visit https://github.com/settings/security-log

If you run into problems, please contact support by visiting https://github.com/contact

Thanks,
The GitHub Team


================================================================================

================================================================================
⚠️  ERROR EMAIL DETECTED
================================================================================
Time:     2026-09-06 22:02:37
Email ID: 1447
Date:     Sun, 26 Jul 2026 00:45:50 -0700
From:     ngrok team <team@m.ngrok.com>
Subject:  Hey wxs-lang, your endpoint is open

Body (first 500 chars):
Hey wxs-lang,

We noticed you configured your first endpoint, congrats!

You may not want everyone to be able to access your app/service. Right now, anyone with the URL can hit your endpoint. Let’s fix that in under 5 minutes by adding OAuth authentication with ngrok's Traffic Policy (https://d2v8tf04.na1.hubspotlinks.com/Ctc/5F+113/d2v8tf04/VVrt0m8hb0j0W1QM7_s29CJq7W8DFYQL5RYngrN50kgPl3pyd0W7Y8-PT6lZ3mMW9bN6V03qk-VyW17DmKF5C64kfW2km8JL8Ykp11W8cWZ-x4pl3KPW3gY60H37sH3CN79qy7vJ_R0kN7D82m2PMccw
================================================================================

================================================================================
⚠️  ERROR EMAIL DETECTED
================================================================================
Time:     2026-09-06 22:02:38
Email ID: 1455
Date:     Fri, 31 Jul 2026 02:56:40 -0700
From:     GitHub <noreply@github.com>
Subject:  [GitHub] Please verify your device

Body (first 500 chars):
Hey wxs-lang!

A sign in attempt requires further verification because we did not recognize your device. To complete the sign in, enter the verification code on the unrecognized device.

Device: QQ Browser on Windows
Verification code: 420302

If you did not attempt to sign in to your account, your password may be compromised. Visit https://github.com/settings/security to create a new, strong password for your GitHub account.

If you'd like to automatically verify devices in the future,
================================================================================

================================================================================
⚠️  ERROR EMAIL DETECTED
================================================================================
Time:     2026-09-06 22:02:39
Email ID: 1460
Date:     Sun, 02 Aug 2026 23:25:44 -0700
From:     GitHub <noreply@github.com>
Subject:  [GitHub] A third-party OAuth application has been added to your
 account

Body (first 500 chars):
Hey wxs-lang!

A third-party OAuth application (Cloudflare) with user:email scopes was recently authorized to access your account.
Visit https://github.com/settings/connections/applications/Ov23liL24uoNpZpeuEsq for more information.

To see this and other security events for your account, visit https://github.com/settings/security-log

If you run into problems, please contact support by visiting https://github.com/contact

Thanks,
The GitHub Team


================================================================================

================================================================================
⚠️  ERROR EMAIL DETECTED
================================================================================
Time:     2026-09-06 22:02:39
Email ID: 1461
Date:     Mon, 03 Aug 2026 09:12:09 -0700
From:     GitHub <noreply@github.com>
Subject:  [GitHub] Your fine-grained personal access token is about to expire

Body (first 500 chars):
Hi wxs-lang,

We noticed your fine-grained personal access token "codex专用", will expire in 7 days.

If this token is still needed, visit https://github.com/settings/personal-access-tokens/16863122/regenerate to generate an equivalent.

If you run into problems, please contact support by visiting https://github.com/contact

Thanks,
The GitHub Team

================================================================================

================================================================================
⚠️  ERROR EMAIL DETECTED
================================================================================
Time:     2026-09-06 22:02:40
Email ID: 1475
Date:     Sat, 08 Aug 2026 19:30:21 -0700
From:     GitHub <noreply@github.com>
Subject:  [GitHub] A third-party OAuth application has been added to your
 account

Body (first 500 chars):
Hey wxs-lang!

A third-party OAuth application (AgentRouter) with user:email scopes was recently authorized to access your account.
Visit https://github.com/settings/connections/applications/Ov23lidtiR4LeVZvVRNL for more information.

To see this and other security events for your account, visit https://github.com/settings/security-log

If you run into problems, please contact support by visiting https://github.com/contact

Thanks,
The GitHub Team


================================================================================

================================================================================
⚠️  ERROR EMAIL DETECTED
================================================================================
Time:     2026-09-06 22:02:40
Email ID: 1476
Date:     Sat, 08 Aug 2026 19:36:00 -0700
From:     GitHub <noreply@github.com>
Subject:  [GitHub] A third-party OAuth application has been added to your
 account

Body (first 500 chars):
Hey wxs-lang!

A third-party OAuth application (LINUX DO) with user:email scopes was recently authorized to access your account.
Visit https://github.com/settings/connections/applications/Ov23liebLXAqEjQIkgJ7 for more information.

To see this and other security events for your account, visit https://github.com/settings/security-log

If you run into problems, please contact support by visiting https://github.com/contact

Thanks,
The GitHub Team


================================================================================

================================================================================
⚠️  ERROR EMAIL DETECTED
================================================================================
Time:     2026-09-06 22:02:41
Email ID: 1479
Date:     Sun, 09 Aug 2026 10:11:43 -0700
From:     GitHub <noreply@github.com>
Subject:  [GitHub] Your fine-grained personal access token is about to expire

Body (first 500 chars):
Hi wxs-lang,

We noticed your fine-grained personal access token "codex专用", will expire in 1 day.

If this token is still needed, visit https://github.com/settings/personal-access-tokens/16863122/regenerate to generate an equivalent.

If you run into problems, please contact support by visiting https://github.com/contact

Thanks,
The GitHub Team

================================================================================

================================================================================
⚠️  ERROR EMAIL DETECTED
================================================================================
Time:     2026-09-06 22:02:41
Email ID: 1481
Date:     Mon, 10 Aug 2026 13:10:50 -0700
From:     GitHub <noreply@github.com>
Subject:  [GitHub] Your fine-grained personal access token has expired

Body (first 500 chars):
Hey wxs-lang,

Your fine-grained personal access token "codex专用", has expired.

If this token is still needed, visit https://github.com/settings/personal-access-tokens/16863122/regenerate to generate an equivalent.

If you run into problems, please contact support by visiting https://github.com/contact

Thanks,
The GitHub Team

================================================================================

================================================================================
⚠️  ERROR EMAIL DETECTED
================================================================================
Time:     2026-09-06 22:02:44
Email ID: 1517
Date:     Wed, 26 Aug 2026 00:51:03 -0700
From:     GitHub <noreply@github.com>
Subject:  [GitHub] A third-party OAuth application has been added to your
 account

Body (first 500 chars):
Hey wxs-lang!

A third-party OAuth application (doubao-work-connector) with codespace, gist, notifications, project, read:org, read:user, repo, user:email, workflow, and write:packages scopes was recently authorized to access your account.
Visit https://github.com/settings/connections/applications/Ov23liTmdO7pYKMnSi7b for more information.

To see this and other security events for your account, visit https://github.com/settings/security-log

If you run into problems, please contact suppo
================================================================================

================================================================================
⚠️  ERROR EMAIL DETECTED
================================================================================
Time:     2026-09-06 22:02:45
Email ID: 1526
Date:     Wed, 26 Aug 2026 03:36:00 -0700
From:     "wxs-lang" <notifications@github.com>
Subject:  [wxs-lang/webscout-mcp] Run failed: Tests - main (296d996)

Body (first 500 chars):
[wxs-lang/webscout-mcp] Tests workflow run

Repository: wxs-lang/webscout-mcp
Workflow: Tests
Duration: 32.0 seconds
Finished: 2026-08-26 10:35:40 UTC

View results: https://github.com/wxs-lang/webscout-mcp/actions/runs/32958987544

Jobs:
  * test (3.12) cancelled (3 annotations)
  * test (3.11) failed (2 annotations)
  * test (3.10) cancelled (3 annotations)

-- 
You are receiving this because you are subscribed to this thread.
Manage your GitHub Actions notifications: https://g
================================================================================

================================================================================
⚠️  ERROR EMAIL DETECTED
================================================================================
Time:     2026-09-06 22:02:45
Email ID: 1527
Date:     Wed, 26 Aug 2026 03:37:12 -0700
From:     "wxs-lang" <notifications@github.com>
Subject:  [wxs-lang/webscout-mcp] Run failed: Tests - main (590ba52)

Body (first 500 chars):
[wxs-lang/webscout-mcp] Tests workflow run

Repository: wxs-lang/webscout-mcp
Workflow: Tests
Duration: 36.0 seconds
Finished: 2026-08-26 10:36:52 UTC

View results: https://github.com/wxs-lang/webscout-mcp/actions/runs/32959086596

Jobs:
  * test (3.12) cancelled (3 annotations)
  * test (3.11) failed (2 annotations)
  * test (3.10) cancelled (3 annotations)

-- 
You are receiving this because you are subscribed to this thread.
Manage your GitHub Actions notifications: https://g
================================================================================

================================================================================
⚠️  ERROR EMAIL DETECTED
================================================================================
Time:     2026-09-06 22:02:46
Email ID: 1528
Date:     Wed, 26 Aug 2026 05:13:32 -0700
From:     "wxs-lang" <notifications@github.com>
Subject:  [wxs-lang/webscout-mcp] Run failed: Tests - main (2348a6b)

Body (first 500 chars):
[wxs-lang/webscout-mcp] Tests workflow run

Repository: wxs-lang/webscout-mcp
Workflow: Tests
Duration: 43.0 seconds
Finished: 2026-08-26 12:13:12 UTC

View results: https://github.com/wxs-lang/webscout-mcp/actions/runs/32967329534

Jobs:
  * test (3.12) failed (4 annotations)

-- 
You are receiving this because you are subscribed to this thread.
Manage your GitHub Actions notifications: https://github.com/settings/notifications?email_source=notifications&email_token=CH2AHALYRMYHCA
================================================================================

================================================================================
⚠️  ERROR EMAIL DETECTED
================================================================================
Time:     2026-09-06 22:02:46
Email ID: 1529
Date:     Wed, 26 Aug 2026 05:17:00 -0700
From:     "wxs-lang" <notifications@github.com>
Subject:  [wxs-lang/webscout-mcp] Run failed: Tests - main (b986fe7)

Body (first 500 chars):
[wxs-lang/webscout-mcp] Tests workflow run

Repository: wxs-lang/webscout-mcp
Workflow: Tests
Duration: 25.0 seconds
Finished: 2026-08-26 12:16:39 UTC

View results: https://github.com/wxs-lang/webscout-mcp/actions/runs/32967668948

Jobs:
  * test failed (2 annotations)

-- 
You are receiving this because you are subscribed to this thread.
Manage your GitHub Actions notifications: https://github.com/settings/notifications?email_source=notifications&email_token=CH2AHAKWCFB7VH5TPG5IF
================================================================================

================================================================================
⚠️  ERROR EMAIL DETECTED
================================================================================
Time:     2026-09-06 22:02:46
Email ID: 1530
Date:     Wed, 26 Aug 2026 05:21:30 -0700
From:     "wxs-lang" <notifications@github.com>
Subject:  [wxs-lang/webscout-mcp] Run failed: Tests - main (ee6070a)

Body (first 500 chars):
[wxs-lang/webscout-mcp] Tests workflow run

Repository: wxs-lang/webscout-mcp
Workflow: Tests
Duration: 32.0 seconds
Finished: 2026-08-26 12:21:10 UTC

View results: https://github.com/wxs-lang/webscout-mcp/actions/runs/32968058941

Jobs:
  * test failed (2 annotations)

-- 
You are receiving this because you are subscribed to this thread.
Manage your GitHub Actions notifications: https://github.com/settings/notifications?email_source=notifications&email_token=CH2AHAIMTSQWC64ERNA5N
================================================================================

================================================================================
⚠️  ERROR EMAIL DETECTED
================================================================================
Time:     2026-09-06 22:02:46
Email ID: 1531
Date:     Wed, 26 Aug 2026 05:23:35 -0700
From:     "wxs-lang" <notifications@github.com>
Subject:  [wxs-lang/webscout-mcp] Run failed: Tests - main (6b93275)

Body (first 500 chars):
[wxs-lang/webscout-mcp] Tests workflow run

Repository: wxs-lang/webscout-mcp
Workflow: Tests
Duration: 27.0 seconds
Finished: 2026-08-26 12:23:14 UTC

View results: https://github.com/wxs-lang/webscout-mcp/actions/runs/32968249483

Jobs:
  * test failed (2 annotations)

-- 
You are receiving this because you are subscribed to this thread.
Manage your GitHub Actions notifications: https://github.com/settings/notifications?email_source=notifications&email_token=CH2AHALJZLQHKLTQSGJLD
================================================================================

================================================================================
⚠️  ERROR EMAIL DETECTED
================================================================================
Time:     2026-09-06 22:02:46
Email ID: 1532
Date:     Wed, 26 Aug 2026 05:28:57 -0700
From:     "wxs-lang" <notifications@github.com>
Subject:  [wxs-lang/webscout-mcp] Run failed: Tests - main (ae5f8b2)

Body (first 500 chars):
[wxs-lang/webscout-mcp] Tests workflow run

Repository: wxs-lang/webscout-mcp
Workflow: Tests
Duration: 34.0 seconds
Finished: 2026-08-26 12:28:36 UTC

View results: https://github.com/wxs-lang/webscout-mcp/actions/runs/32968714470

Jobs:
  * test failed (2 annotations)

-- 
You are receiving this because you are subscribed to this thread.
Manage your GitHub Actions notifications: https://github.com/settings/notifications?email_source=notifications&email_token=CH2AHAPNK53BMKGWFZ44D
================================================================================

================================================================================
⚠️  ERROR EMAIL DETECTED
================================================================================
Time:     2026-09-06 22:02:46
Email ID: 1533
Date:     Wed, 26 Aug 2026 05:32:15 -0700
From:     "wxs-lang" <notifications@github.com>
Subject:  [wxs-lang/webscout-mcp] Run failed: Tests - main (cf2601a)

Body (first 500 chars):
[wxs-lang/webscout-mcp] Tests workflow run

Repository: wxs-lang/webscout-mcp
Workflow: Tests
Duration: 31.0 seconds
Finished: 2026-08-26 12:31:54 UTC

View results: https://github.com/wxs-lang/webscout-mcp/actions/runs/32968999423

Jobs:
  * test failed (2 annotations)

-- 
You are receiving this because you are subscribed to this thread.
Manage your GitHub Actions notifications: https://github.com/settings/notifications?email_source=notifications&email_token=CH2AHAIRUDKFVWKGPSR7I
================================================================================

================================================================================
⚠️  ERROR EMAIL DETECTED
================================================================================
Time:     2026-09-06 22:02:46
Email ID: 1534
Date:     Wed, 26 Aug 2026 05:38:41 -0700
From:     "wxs-lang" <notifications@github.com>
Subject:  [wxs-lang/webscout-mcp] Run failed: Tests - main (7059507)

Body (first 500 chars):
[wxs-lang/webscout-mcp] Tests workflow run

Repository: wxs-lang/webscout-mcp
Workflow: Tests
Duration: 30.0 seconds
Finished: 2026-08-26 12:38:21 UTC

View results: https://github.com/wxs-lang/webscout-mcp/actions/runs/32969595500

Jobs:
  * test failed (2 annotations)

-- 
You are receiving this because you are subscribed to this thread.
Manage your GitHub Actions notifications: https://github.com/settings/notifications?email_source=notifications&email_token=CH2AHAOVVQPN7BY7AFZNI
================================================================================

================================================================================
⚠️  ERROR EMAIL DETECTED
================================================================================
Time:     2026-09-06 22:02:47
Email ID: 1535
Date:     Wed, 26 Aug 2026 05:42:20 -0700
From:     "wxs-lang" <notifications@github.com>
Subject:  [wxs-lang/webscout-mcp] Run failed: Tests - main (6f6aab7)

Body (first 500 chars):
[wxs-lang/webscout-mcp] Tests workflow run

Repository: wxs-lang/webscout-mcp
Workflow: Tests
Duration: 35.0 seconds
Finished: 2026-08-26 12:41:59 UTC

View results: https://github.com/wxs-lang/webscout-mcp/actions/runs/32969915141

Jobs:
  * test failed (2 annotations)

-- 
You are receiving this because you are subscribed to this thread.
Manage your GitHub Actions notifications: https://github.com/settings/notifications?email_source=notifications&email_token=CH2AHAITBSPXKVDA3UNHG
================================================================================

================================================================================
⚠️  ERROR EMAIL DETECTED
================================================================================
Time:     2026-09-06 22:02:47
Email ID: 1536
Date:     Wed, 26 Aug 2026 05:47:36 -0700
From:     "wxs-lang" <notifications@github.com>
Subject:  [wxs-lang/webscout-mcp] Run failed: Tests - main (f2c115c)

Body (first 500 chars):
[wxs-lang/webscout-mcp] Tests workflow run

Repository: wxs-lang/webscout-mcp
Workflow: Tests
Duration: 28.0 seconds
Finished: 2026-08-26 12:47:16 UTC

View results: https://github.com/wxs-lang/webscout-mcp/actions/runs/32970416052

Jobs:
  * test failed (2 annotations)

-- 
You are receiving this because you are subscribed to this thread.
Manage your GitHub Actions notifications: https://github.com/settings/notifications?email_source=notifications&email_token=CH2AHANHWVANVBLE5S3JC
================================================================================

================================================================================
⚠️  ERROR EMAIL DETECTED
================================================================================
Time:     2026-09-06 22:02:47
Email ID: 1537
Date:     Wed, 26 Aug 2026 05:54:27 -0700
From:     "wxs-lang" <notifications@github.com>
Subject:  [wxs-lang/webscout-mcp] Run failed: Tests - main (9c1c07c)

Body (first 500 chars):
[wxs-lang/webscout-mcp] Tests workflow run

Repository: wxs-lang/webscout-mcp
Workflow: Tests
Duration: 34.0 seconds
Finished: 2026-08-26 12:54:07 UTC

View results: https://github.com/wxs-lang/webscout-mcp/actions/runs/32971038409

Jobs:
  * test failed (2 annotations)

-- 
You are receiving this because you are subscribed to this thread.
Manage your GitHub Actions notifications: https://github.com/settings/notifications?email_source=notifications&email_token=CH2AHAP7KV275DBI37J3V
================================================================================

================================================================================
⚠️  ERROR EMAIL DETECTED
================================================================================
Time:     2026-09-06 22:02:47
Email ID: 1538
Date:     Wed, 26 Aug 2026 05:57:35 -0700
From:     "wxs-lang" <notifications@github.com>
Subject:  [wxs-lang/webscout-mcp] Run failed: Tests - main (0d9efcd)

Body (first 500 chars):
[wxs-lang/webscout-mcp] Tests workflow run

Repository: wxs-lang/webscout-mcp
Workflow: Tests
Duration: 37.0 seconds
Finished: 2026-08-26 12:57:14 UTC

View results: https://github.com/wxs-lang/webscout-mcp/actions/runs/32971325076

Jobs:
  * test failed (2 annotations)

-- 
You are receiving this because you are subscribed to this thread.
Manage your GitHub Actions notifications: https://github.com/settings/notifications?email_source=notifications&email_token=CH2AHAIOFBDOUKHEQVV4V
================================================================================

================================================================================
⚠️  ERROR EMAIL DETECTED
================================================================================
Time:     2026-09-06 22:02:47
Email ID: 1539
Date:     Wed, 26 Aug 2026 06:00:11 -0700
From:     "wxs-lang" <notifications@github.com>
Subject:  [wxs-lang/webscout-mcp] Run failed: Tests - main (f400dbc)

Body (first 500 chars):
[wxs-lang/webscout-mcp] Tests workflow run

Repository: wxs-lang/webscout-mcp
Workflow: Tests
Duration: 27.0 seconds
Finished: 2026-08-26 12:59:51 UTC

View results: https://github.com/wxs-lang/webscout-mcp/actions/runs/32971579126

Jobs:
  * test failed (2 annotations)

-- 
You are receiving this because you are subscribed to this thread.
Manage your GitHub Actions notifications: https://github.com/settings/notifications?email_source=notifications&email_token=CH2AHAPTS7PLXZUUT7GC2
================================================================================

================================================================================
⚠️  ERROR EMAIL DETECTED
================================================================================
Time:     2026-09-06 22:02:47
Email ID: 1540
Date:     Wed, 26 Aug 2026 06:02:58 -0700
From:     "wxs-lang" <notifications@github.com>
Subject:  [wxs-lang/webscout-mcp] Run failed: Tests - main (d069a63)

Body (first 500 chars):
[wxs-lang/webscout-mcp] Tests workflow run

Repository: wxs-lang/webscout-mcp
Workflow: Tests
Duration: 25.0 seconds
Finished: 2026-08-26 13:02:37 UTC

View results: https://github.com/wxs-lang/webscout-mcp/actions/runs/32971853256

Jobs:
  * test failed (2 annotations)

-- 
You are receiving this because you are subscribed to this thread.
Manage your GitHub Actions notifications: https://github.com/settings/notifications?email_source=notifications&email_token=CH2AHAOND6LM77YHBDIDL
================================================================================

================================================================================
⚠️  ERROR EMAIL DETECTED
================================================================================
Time:     2026-09-06 22:02:47
Email ID: 1541
Date:     Wed, 26 Aug 2026 06:09:16 -0700
From:     "wxs-lang" <notifications@github.com>
Subject:  [wxs-lang/webscout-mcp] Run failed: Tests - main (8d7b254)

Body (first 500 chars):
[wxs-lang/webscout-mcp] Tests workflow run

Repository: wxs-lang/webscout-mcp
Workflow: Tests
Duration: 32.0 seconds
Finished: 2026-08-26 13:08:56 UTC

View results: https://github.com/wxs-lang/webscout-mcp/actions/runs/32972449010

Jobs:
  * test failed (2 annotations)

-- 
You are receiving this because you are subscribed to this thread.
Manage your GitHub Actions notifications: https://github.com/settings/notifications?email_source=notifications&email_token=CH2AHAJE3B5UJDUALNHOR
================================================================================

================================================================================
⚠️  ERROR EMAIL DETECTED
================================================================================
Time:     2026-09-06 22:02:47
Email ID: 1542
Date:     Wed, 26 Aug 2026 06:13:30 -0700
From:     "wxs-lang" <notifications@github.com>
Subject:  [wxs-lang/webscout-mcp] Run failed: Tests - main (1658fce)

Body (first 500 chars):
[wxs-lang/webscout-mcp] Tests workflow run

Repository: wxs-lang/webscout-mcp
Workflow: Tests
Duration: 26.0 seconds
Finished: 2026-08-26 13:13:04 UTC

View results: https://github.com/wxs-lang/webscout-mcp/actions/runs/32972846065

Jobs:
  * test failed (2 annotations)

-- 
You are receiving this because you are subscribed to this thread.
Manage your GitHub Actions notifications: https://github.com/settings/notifications?email_source=notifications&email_token=CH2AHAP4NIPQOOJAOERIX
================================================================================

================================================================================
⚠️  ERROR EMAIL DETECTED
================================================================================
Time:     2026-09-06 22:02:48
Email ID: 1543
Date:     Wed, 26 Aug 2026 06:16:40 -0700
From:     "wxs-lang" <notifications@github.com>
Subject:  [wxs-lang/webscout-mcp] Run failed: Tests - main (22cb505)

Body (first 500 chars):
[wxs-lang/webscout-mcp] Tests workflow run

Repository: wxs-lang/webscout-mcp
Workflow: Tests
Duration: 27.0 seconds
Finished: 2026-08-26 13:16:20 UTC

View results: https://github.com/wxs-lang/webscout-mcp/actions/runs/32973174729

Jobs:
  * test failed (2 annotations)

-- 
You are receiving this because you are subscribed to this thread.
Manage your GitHub Actions notifications: https://github.com/settings/notifications?email_source=notifications&email_token=CH2AHALK67TEWNMUZNVE6
================================================================================

================================================================================
⚠️  ERROR EMAIL DETECTED
================================================================================
Time:     2026-09-06 22:02:48
Email ID: 1544
Date:     Wed, 26 Aug 2026 06:21:48 -0700
From:     "wxs-lang" <notifications@github.com>
Subject:  [wxs-lang/webscout-mcp] Run failed: Tests - main (47d9925)

Body (first 500 chars):
[wxs-lang/webscout-mcp] Tests workflow run

Repository: wxs-lang/webscout-mcp
Workflow: Tests
Duration: 27.0 seconds
Finished: 2026-08-26 13:21:28 UTC

View results: https://github.com/wxs-lang/webscout-mcp/actions/runs/32973669589

Jobs:
  * test failed (2 annotations)

-- 
You are receiving this because you are subscribed to this thread.
Manage your GitHub Actions notifications: https://github.com/settings/notifications?email_source=notifications&email_token=CH2AHAO24JJQKRAX6T2LM
================================================================================

================================================================================
⚠️  ERROR EMAIL DETECTED
================================================================================
Time:     2026-09-06 22:02:48
Email ID: 1545
Date:     Wed, 26 Aug 2026 06:25:14 -0700
From:     "wxs-lang" <notifications@github.com>
Subject:  [wxs-lang/webscout-mcp] Run failed: Tests - main (ccf8e89)

Body (first 500 chars):
[wxs-lang/webscout-mcp] Tests workflow run

Repository: wxs-lang/webscout-mcp
Workflow: Tests
Duration: 42.0 seconds
Finished: 2026-08-26 13:24:53 UTC

View results: https://github.com/wxs-lang/webscout-mcp/actions/runs/32973985781

Jobs:
  * test failed (2 annotations)

-- 
You are receiving this because you are subscribed to this thread.
Manage your GitHub Actions notifications: https://github.com/settings/notifications?email_source=notifications&email_token=CH2AHAPJW56FTAP3Q6KHO
================================================================================

================================================================================
⚠️  ERROR EMAIL DETECTED
================================================================================
Time:     2026-09-06 22:02:48
Email ID: 1546
Date:     Wed, 26 Aug 2026 06:29:25 -0700
From:     "wxs-lang" <notifications@github.com>
Subject:  [wxs-lang/webscout-mcp] Run failed: Tests - main (ead205e)

Body (first 500 chars):
[wxs-lang/webscout-mcp] Tests workflow run

Repository: wxs-lang/webscout-mcp
Workflow: Tests
Duration: 31.0 seconds
Finished: 2026-08-26 13:29:04 UTC

View results: https://github.com/wxs-lang/webscout-mcp/actions/runs/32974414011

Jobs:
  * test failed (2 annotations)

-- 
You are receiving this because you are subscribed to this thread.
Manage your GitHub Actions notifications: https://github.com/settings/notifications?email_source=notifications&email_token=CH2AHANSJVPA4KY56G3VU
================================================================================

================================================================================
⚠️  ERROR EMAIL DETECTED
================================================================================
Time:     2026-09-06 22:02:48
Email ID: 1547
Date:     Wed, 26 Aug 2026 06:32:09 -0700
From:     "wxs-lang" <notifications@github.com>
Subject:  [wxs-lang/webscout-mcp] Run failed: Tests - main (fec1b99)

Body (first 500 chars):
[wxs-lang/webscout-mcp] Tests workflow run

Repository: wxs-lang/webscout-mcp
Workflow: Tests
Duration: 22.0 seconds
Finished: 2026-08-26 13:31:49 UTC

View results: https://github.com/wxs-lang/webscout-mcp/actions/runs/32974706586

Jobs:
  * test failed (2 annotations)

-- 
You are receiving this because you are subscribed to this thread.
Manage your GitHub Actions notifications: https://github.com/settings/notifications?email_source=notifications&email_token=CH2AHAPMCQUPW2H3OH2VR
================================================================================

================================================================================
⚠️  ERROR EMAIL DETECTED
================================================================================
Time:     2026-09-06 22:02:48
Email ID: 1548
Date:     Wed, 26 Aug 2026 06:36:24 -0700
From:     "wxs-lang" <notifications@github.com>
Subject:  [wxs-lang/webscout-mcp] Run failed: Tests - main (ec18b7d)

Body (first 500 chars):
[wxs-lang/webscout-mcp] Tests workflow run

Repository: wxs-lang/webscout-mcp
Workflow: Tests
Duration: 26.0 seconds
Finished: 2026-08-26 13:36:04 UTC

View results: https://github.com/wxs-lang/webscout-mcp/actions/runs/32975118359

Jobs:
  * test failed (2 annotations)

-- 
You are receiving this because you are subscribed to this thread.
Manage your GitHub Actions notifications: https://github.com/settings/notifications?email_source=notifications&email_token=CH2AHAP4QHJFFWSYQH4KI
================================================================================

================================================================================
⚠️  ERROR EMAIL DETECTED
================================================================================
Time:     2026-09-06 22:02:49
Email ID: 1549
Date:     Wed, 26 Aug 2026 06:39:46 -0700
From:     "wxs-lang" <notifications@github.com>
Subject:  [wxs-lang/webscout-mcp] Run failed: Tests - main (43777d6)

Body (first 500 chars):
[wxs-lang/webscout-mcp] Tests workflow run

Repository: wxs-lang/webscout-mcp
Workflow: Tests
Duration: 28.0 seconds
Finished: 2026-08-26 13:39:26 UTC

View results: https://github.com/wxs-lang/webscout-mcp/actions/runs/32975448303

Jobs:
  * test failed (2 annotations)

-- 
You are receiving this because you are subscribed to this thread.
Manage your GitHub Actions notifications: https://github.com/settings/notifications?email_source=notifications&email_token=CH2AHANKZQ3IQ7CNP4D72
================================================================================

================================================================================
⚠️  ERROR EMAIL DETECTED
================================================================================
Time:     2026-09-06 22:02:49
Email ID: 1550
Date:     Wed, 26 Aug 2026 06:42:01 -0700
From:     "wxs-lang" <notifications@github.com>
Subject:  [wxs-lang/webscout-mcp] Run failed: Tests - main (9c0595d)

Body (first 500 chars):
[wxs-lang/webscout-mcp] Tests workflow run

Repository: wxs-lang/webscout-mcp
Workflow: Tests
Duration: 26.0 seconds
Finished: 2026-08-26 13:41:41 UTC

View results: https://github.com/wxs-lang/webscout-mcp/actions/runs/32975679517

Jobs:
  * test failed (2 annotations)

-- 
You are receiving this because you are subscribed to this thread.
Manage your GitHub Actions notifications: https://github.com/settings/notifications?email_source=notifications&email_token=CH2AHAPNYDIXLMPLVZS2E
================================================================================

================================================================================
⚠️  ERROR EMAIL DETECTED
================================================================================
Time:     2026-09-06 22:02:49
Email ID: 1551
Date:     Wed, 26 Aug 2026 06:47:02 -0700
From:     "wxs-lang" <notifications@github.com>
Subject:  [wxs-lang/webscout-mcp] Run failed: Tests - main (04e12be)

Body (first 500 chars):
[wxs-lang/webscout-mcp] Tests workflow run

Repository: wxs-lang/webscout-mcp
Workflow: Tests
Duration: 29.0 seconds
Finished: 2026-08-26 13:46:42 UTC

View results: https://github.com/wxs-lang/webscout-mcp/actions/runs/32976180758

Jobs:
  * test failed (2 annotations)

-- 
You are receiving this because you are subscribed to this thread.
Manage your GitHub Actions notifications: https://github.com/settings/notifications?email_source=notifications&email_token=CH2AHAK5IHI7GFPHSQF2Q
================================================================================

================================================================================
⚠️  ERROR EMAIL DETECTED
================================================================================
Time:     2026-09-06 22:02:49
Email ID: 1552
Date:     Wed, 26 Aug 2026 08:39:19 -0700
From:     "wxs-lang" <notifications@github.com>
Subject:  [wxs-lang/webscout-mcp] Run failed at startup: Tests - main
 (c41b1ea)

Body (first 500 chars):
[wxs-lang/webscout-mcp] Tests workflow run

Repository: wxs-lang/webscout-mcp
Workflow: Tests
Duration: 3 minutes and 38.0 seconds
Finished: 2026-08-26 15:38:59 UTC

View results: https://github.com/wxs-lang/webscout-mcp/actions/runs/32985571463

Jobs:
  * test succeeded (1 annotation)

-- 
You are receiving this because you are subscribed to this thread.
Manage your GitHub Actions notifications: https://github.com/settings/notifications?email_source=notifications&email_token=CH2AH
================================================================================

================================================================================
⚠️  ERROR EMAIL DETECTED
================================================================================
Time:     2026-09-06 22:02:49
Email ID: 1553
Date:     Wed, 26 Aug 2026 08:59:55 -0700
From:     "wxs-lang" <notifications@github.com>
Subject:  [wxs-lang/webscout-mcp] Run failed: Tests - main (a11c8cd)

Body (first 500 chars):
[wxs-lang/webscout-mcp] Tests workflow run

Repository: wxs-lang/webscout-mcp
Workflow: Tests
Duration: 36.0 seconds
Finished: 2026-08-26 15:59:34 UTC

View results: https://github.com/wxs-lang/webscout-mcp/actions/runs/32986510390

Jobs:
  * test failed (3 annotations)

-- 
You are receiving this because you are subscribed to this thread.
Manage your GitHub Actions notifications: https://github.com/settings/notifications?email_source=notifications&email_token=CH2AHAMBMAUVUW2LB23F6
================================================================================

================================================================================
⚠️  ERROR EMAIL DETECTED
================================================================================
Time:     2026-09-06 22:02:49
Email ID: 1554
Date:     Wed, 26 Aug 2026 09:15:01 -0700
From:     "wxs-lang" <notifications@github.com>
Subject:  [wxs-lang/webscout-mcp] Run failed: Tests - main (0208489)

Body (first 500 chars):
[wxs-lang/webscout-mcp] Tests workflow run

Repository: wxs-lang/webscout-mcp
Workflow: Tests
Duration: 27.0 seconds
Finished: 2026-08-26 16:14:40 UTC

View results: https://github.com/wxs-lang/webscout-mcp/actions/runs/32987319374

Jobs:
  * test failed (3 annotations)

-- 
You are receiving this because you are subscribed to this thread.
Manage your GitHub Actions notifications: https://github.com/settings/notifications?email_source=notifications&email_token=CH2AHAN37MURB6BH5DJXS
================================================================================

================================================================================
⚠️  ERROR EMAIL DETECTED
================================================================================
Time:     2026-09-06 22:02:49
Email ID: 1555
Date:     Wed, 26 Aug 2026 09:15:43 -0700
From:     "wxs-lang" <notifications@github.com>
Subject:  [wxs-lang/webscout-mcp] Run failed: Tests - main (ac1538f)

Body (first 500 chars):
[wxs-lang/webscout-mcp] Tests workflow run

Repository: wxs-lang/webscout-mcp
Workflow: Tests
Duration: 36.0 seconds
Finished: 2026-08-26 16:15:22 UTC

View results: https://github.com/wxs-lang/webscout-mcp/actions/runs/32987364168

Jobs:
  * test failed (3 annotations)

-- 
You are receiving this because you are subscribed to this thread.
Manage your GitHub Actions notifications: https://github.com/settings/notifications?email_source=notifications&email_token=CH2AHAIK5DD4FMQBNLRPQ
================================================================================

================================================================================
⚠️  ERROR EMAIL DETECTED
================================================================================
Time:     2026-09-06 22:02:50
Email ID: 1556
Date:     Wed, 26 Aug 2026 09:23:08 -0700
From:     "wxs-lang" <notifications@github.com>
Subject:  [wxs-lang/webscout-mcp] Run failed: Tests - main (4d78539)

Body (first 500 chars):
[wxs-lang/webscout-mcp] Tests workflow run

Repository: wxs-lang/webscout-mcp
Workflow: Tests
Duration: 23.0 seconds
Finished: 2026-08-26 16:22:48 UTC

View results: https://github.com/wxs-lang/webscout-mcp/actions/runs/32988013996

Jobs:
  * test failed (3 annotations)

-- 
You are receiving this because you are subscribed to this thread.
Manage your GitHub Actions notifications: https://github.com/settings/notifications?email_source=notifications&email_token=CH2AHAKFXHCWHQ2DFFAMA
================================================================================

================================================================================
⚠️  ERROR EMAIL DETECTED
================================================================================
Time:     2026-09-06 22:02:50
Email ID: 1557
Date:     Wed, 26 Aug 2026 09:32:55 -0700
From:     GitHub <noreply@github.com>
Subject:  [GitHub] Please verify your device

Body (first 500 chars):
Hey wxs-lang!

A sign in attempt requires further verification because we did not recognize your device. To complete the sign in, enter the verification code on the unrecognized device.

Device: Chrome on macOS
Verification code: 732676

If you did not attempt to sign in to your account, your password may be compromised. Visit https://github.com/settings/security to create a new, strong password for your GitHub account.

If you'd like to automatically verify devices in the future, consi
================================================================================

================================================================================
⚠️  ERROR EMAIL DETECTED
================================================================================
Time:     2026-09-06 22:02:50
Email ID: 1558
Date:     Wed, 26 Aug 2026 09:36:15 -0700
From:     "wxs-lang" <notifications@github.com>
Subject:  [wxs-lang/webscout-mcp] Run failed: Tests - main (0c6f34d)

Body (first 500 chars):
[wxs-lang/webscout-mcp] Tests workflow run

Repository: wxs-lang/webscout-mcp
Workflow: Tests
Duration: 21.0 seconds
Finished: 2026-08-26 16:35:55 UTC

View results: https://github.com/wxs-lang/webscout-mcp/actions/runs/32989254467

Jobs:
  * test failed (3 annotations)

-- 
You are receiving this because you are subscribed to this thread.
Manage your GitHub Actions notifications: https://github.com/settings/notifications?email_source=notifications&email_token=CH2AHAMX2TC34CUMQ2HM6
================================================================================

================================================================================
⚠️  ERROR EMAIL DETECTED
================================================================================
Time:     2026-09-06 22:02:50
Email ID: 1559
Date:     Wed, 26 Aug 2026 09:36:18 -0700
From:     "wxs-lang" <notifications@github.com>
Subject:  [wxs-lang/webscout-mcp] Run failed: Docker Publish - main (0c6f34d)

Body (first 500 chars):
[wxs-lang/webscout-mcp] Docker Publish workflow run

Repository: wxs-lang/webscout-mcp
Workflow: Docker Publish
Duration: 24.0 seconds
Finished: 2026-08-26 16:35:58 UTC

View results: https://github.com/wxs-lang/webscout-mcp/actions/runs/32989254511

Jobs:
  * build-and-push failed (2 annotations)

-- 
You are receiving this because you are subscribed to this thread.
Manage your GitHub Actions notifications: https://github.com/settings/notifications?email_source=notifications&email
================================================================================

================================================================================
⚠️  ERROR EMAIL DETECTED
================================================================================
Time:     2026-09-06 22:02:50
Email ID: 1563
Date:     Wed, 26 Aug 2026 10:01:04 -0700
From:     "wxs-lang" <notifications@github.com>
Subject:  [wxs-lang/webscout-mcp] Run failed: Docker Publish - main (9198808)

Body (first 500 chars):
[wxs-lang/webscout-mcp] Docker Publish workflow run

Repository: wxs-lang/webscout-mcp
Workflow: Docker Publish
Duration: 19.0 seconds
Finished: 2026-08-26 17:00:43 UTC

View results: https://github.com/wxs-lang/webscout-mcp/actions/runs/32991684945

Jobs:
  * build-and-push failed (2 annotations)

-- 
You are receiving this because you are subscribed to this thread.
Manage your GitHub Actions notifications: https://github.com/settings/notifications?email_source=notifications&email
================================================================================

================================================================================
⚠️  ERROR EMAIL DETECTED
================================================================================
Time:     2026-09-06 22:02:50
Email ID: 1564
Date:     Wed, 26 Aug 2026 10:01:10 -0700
From:     "wxs-lang" <notifications@github.com>
Subject:  [wxs-lang/webscout-mcp] Run failed: Tests - main (9198808)

Body (first 500 chars):
[wxs-lang/webscout-mcp] Tests workflow run

Repository: wxs-lang/webscout-mcp
Workflow: Tests
Duration: 26.0 seconds
Finished: 2026-08-26 17:00:50 UTC

View results: https://github.com/wxs-lang/webscout-mcp/actions/runs/32991684934

Jobs:
  * test failed (3 annotations)

-- 
You are receiving this because you are subscribed to this thread.
Manage your GitHub Actions notifications: https://github.com/settings/notifications?email_source=notifications&email_token=CH2AHAKC7QWVVCP6SOL6Y
================================================================================

================================================================================
⚠️  ERROR EMAIL DETECTED
================================================================================
Time:     2026-09-06 22:02:51
Email ID: 1566
Date:     Wed, 26 Aug 2026 10:06:13 -0700
From:     "wxs-lang" <notifications@github.com>
Subject:  [wxs-lang/webscout-mcp] Run failed: Docker Publish, Attempt #2 -
 main (0c6f34d)

Body (first 500 chars):
[wxs-lang/webscout-mcp] Docker Publish workflow run, Attempt #2

Repository: wxs-lang/webscout-mcp
Workflow: Docker Publish
Duration: 18 minutes and 11.0 seconds
Finished: 2026-08-26 17:05:53 UTC

View results: https://github.com/wxs-lang/webscout-mcp/actions/runs/32989254511

Jobs:
  * build-and-push failed (2 annotations)

-- 
You are receiving this because you are subscribed to this thread.
Manage your GitHub Actions notifications: https://github.com/settings/notifications?email
================================================================================

================================================================================
⚠️  ERROR EMAIL DETECTED
================================================================================
Time:     2026-09-06 22:02:51
Email ID: 1568
Date:     Wed, 26 Aug 2026 10:24:18 -0700
From:     "wxs-lang" <notifications@github.com>
Subject:  [wxs-lang/webscout-mcp] Run failed: Docker Publish, Attempt #2 -
 main (9198808)

Body (first 500 chars):
[wxs-lang/webscout-mcp] Docker Publish workflow run, Attempt #2

Repository: wxs-lang/webscout-mcp
Workflow: Docker Publish
Duration: 17 minutes and 51.0 seconds
Finished: 2026-08-26 17:23:57 UTC

View results: https://github.com/wxs-lang/webscout-mcp/actions/runs/32991684945

Jobs:
  * build-and-push failed (2 annotations)

-- 
You are receiving this because you are subscribed to this thread.
Manage your GitHub Actions notifications: https://github.com/settings/notifications?email
================================================================================

================================================================================
⚠️  ERROR EMAIL DETECTED
================================================================================
Time:     2026-09-06 22:02:51
Email ID: 1569
Date:     Wed, 26 Aug 2026 18:14:09 -0700
From:     "wxs-lang" <notifications@github.com>
Subject:  [wxs-lang/webscout-mcp] Run failed: Docker Publish, Attempt #3 -
 main (9198808)

Body (first 500 chars):
[wxs-lang/webscout-mcp] Docker Publish workflow run, Attempt #3

Repository: wxs-lang/webscout-mcp
Workflow: Docker Publish
Duration: 23.0 seconds
Finished: 2026-08-27 01:13:49 UTC

View results: https://github.com/wxs-lang/webscout-mcp/actions/runs/32991684945

Jobs:
  * build-and-push failed (2 annotations)

-- 
You are receiving this because you are subscribed to this thread.
Manage your GitHub Actions notifications: https://github.com/settings/notifications?email_source=notific
================================================================================

================================================================================
⚠️  ERROR EMAIL DETECTED
================================================================================
Time:     2026-09-06 22:02:51
Email ID: 1570
Date:     Wed, 26 Aug 2026 18:16:53 -0700
From:     "wxs-lang" <notifications@github.com>
Subject:  [wxs-lang/webscout-mcp] Run failed: Tests - main (18e8c4c)

Body (first 500 chars):
[wxs-lang/webscout-mcp] Tests workflow run

Repository: wxs-lang/webscout-mcp
Workflow: Tests
Duration: 24.0 seconds
Finished: 2026-08-27 01:16:33 UTC

View results: https://github.com/wxs-lang/webscout-mcp/actions/runs/33029556242

Jobs:
  * test failed (3 annotations)

-- 
You are receiving this because you are subscribed to this thread.
Manage your GitHub Actions notifications: https://github.com/settings/notifications?email_source=notifications&email_token=CH2AHAIT6T7OI2JYH6K3T
================================================================================

================================================================================
⚠️  ERROR EMAIL DETECTED
================================================================================
Time:     2026-09-06 22:02:51
Email ID: 1571
Date:     Wed, 26 Aug 2026 18:17:17 -0700
From:     "wxs-lang" <notifications@github.com>
Subject:  [wxs-lang/webscout-mcp] Run failed: Docker Publish - main (18e8c4c)

Body (first 500 chars):
[wxs-lang/webscout-mcp] Docker Publish workflow run

Repository: wxs-lang/webscout-mcp
Workflow: Docker Publish
Duration: 48.0 seconds
Finished: 2026-08-27 01:16:57 UTC

View results: https://github.com/wxs-lang/webscout-mcp/actions/runs/33029556343

Jobs:
  * build-and-push failed (2 annotations)

-- 
You are receiving this because you are subscribed to this thread.
Manage your GitHub Actions notifications: https://github.com/settings/notifications?email_source=notifications&email
================================================================================

================================================================================
⚠️  ERROR EMAIL DETECTED
================================================================================
Time:     2026-09-06 22:02:51
Email ID: 1572
Date:     Wed, 26 Aug 2026 18:20:34 -0700
From:     "wxs-lang" <notifications@github.com>
Subject:  [wxs-lang/webscout-mcp] Run failed: Tests - main (200278c)

Body (first 500 chars):
[wxs-lang/webscout-mcp] Tests workflow run

Repository: wxs-lang/webscout-mcp
Workflow: Tests
Duration: 27.0 seconds
Finished: 2026-08-27 01:20:14 UTC

View results: https://github.com/wxs-lang/webscout-mcp/actions/runs/33029742201

Jobs:
  * test failed (3 annotations)

-- 
You are receiving this because you are subscribed to this thread.
Manage your GitHub Actions notifications: https://github.com/settings/notifications?email_source=notifications&email_token=CH2AHAKXHG6YAYEX5MGRJ
================================================================================

================================================================================
⚠️  ERROR EMAIL DETECTED
================================================================================
Time:     2026-09-06 22:02:52
Email ID: 1573
Date:     Wed, 26 Aug 2026 18:21:08 -0700
From:     "wxs-lang" <notifications@github.com>
Subject:  [wxs-lang/webscout-mcp] Run failed: Docker Publish - main (200278c)

Body (first 500 chars):
[wxs-lang/webscout-mcp] Docker Publish workflow run

Repository: wxs-lang/webscout-mcp
Workflow: Docker Publish
Duration: 1 minute and 1.0 second
Finished: 2026-08-27 01:20:48 UTC

View results: https://github.com/wxs-lang/webscout-mcp/actions/runs/33029742266

Jobs:
  * build-and-push failed (2 annotations)

-- 
You are receiving this because you are subscribed to this thread.
Manage your GitHub Actions notifications: https://github.com/settings/notifications?email_source=notifica
================================================================================

================================================================================
⚠️  ERROR EMAIL DETECTED
================================================================================
Time:     2026-09-06 22:02:52
Email ID: 1574
Date:     Wed, 26 Aug 2026 18:23:00 -0700
From:     "wxs-lang" <notifications@github.com>
Subject:  [wxs-lang/webscout-mcp] Run failed: Tests - main (4589937)

Body (first 500 chars):
[wxs-lang/webscout-mcp] Tests workflow run

Repository: wxs-lang/webscout-mcp
Workflow: Tests
Duration: 26.0 seconds
Finished: 2026-08-27 01:22:40 UTC

View results: https://github.com/wxs-lang/webscout-mcp/actions/runs/33029874548

Jobs:
  * test failed (3 annotations)

-- 
You are receiving this because you are subscribed to this thread.
Manage your GitHub Actions notifications: https://github.com/settings/notifications?email_source=notifications&email_token=CH2AHAPVHLBQ3CZX4TPLO
================================================================================

================================================================================
⚠️  ERROR EMAIL DETECTED
================================================================================
Time:     2026-09-06 22:02:52
Email ID: 1575
Date:     Wed, 26 Aug 2026 18:23:18 -0700
From:     "wxs-lang" <notifications@github.com>
Subject:  [wxs-lang/webscout-mcp] Run failed: Docker Publish - main (4589937)

Body (first 500 chars):
[wxs-lang/webscout-mcp] Docker Publish workflow run

Repository: wxs-lang/webscout-mcp
Workflow: Docker Publish
Duration: 44.0 seconds
Finished: 2026-08-27 01:22:58 UTC

View results: https://github.com/wxs-lang/webscout-mcp/actions/runs/33029874558

Jobs:
  * build-and-push failed (2 annotations)

-- 
You are receiving this because you are subscribed to this thread.
Manage your GitHub Actions notifications: https://github.com/settings/notifications?email_source=notifications&email
================================================================================

================================================================================
⚠️  ERROR EMAIL DETECTED
================================================================================
Time:     2026-09-06 22:02:52
Email ID: 1577
Date:     Thu, 27 Aug 2026 07:22:13 -0700
From:     GitHub <noreply@github.com>
Subject:  [GitHub] Please verify your device

Body (first 500 chars):
Hey wxs-lang!

A sign in attempt requires further verification because we did not recognize your device. To complete the sign in, enter the verification code on the unrecognized device.

Device: Huawei Browser on Android
Verification code: 898967

If you did not attempt to sign in to your account, your password may be compromised. Visit https://github.com/settings/security to create a new, strong password for your GitHub account.

If you'd like to automatically verify devices in the fut
================================================================================

================================================================================
⚠️  ERROR EMAIL DETECTED
================================================================================
Time:     2026-09-06 22:02:52
Email ID: 1578
Date:     Thu, 27 Aug 2026 07:22:43 -0700
From:     GitHub <noreply@github.com>
Subject:  [GitHub] A third-party OAuth application has been added to your
 account

Body (first 500 chars):
Hey wxs-lang!

A third-party OAuth application (Freebuff) with read:user and user:email scopes was recently authorized to access your account.
Visit https://github.com/settings/connections/applications/Ov23liBmPZjygPRVpLQs for more information.

To see this and other security events for your account, visit https://github.com/settings/security-log

If you run into problems, please contact support by visiting https://github.com/contact

Thanks,
The GitHub Team


================================================================================

================================================================================
⚠️  ERROR EMAIL DETECTED
================================================================================
Time:     2026-09-06 22:02:52
Email ID: 1579
Date:     Thu, 27 Aug 2026 08:24:23 -0700
From:     GitHub <noreply@github.com>
Subject:  [GitHub] A personal access token (classic) has been added to your
 account

Body (first 500 chars):
Hey wxs-lang!

A personal access token (classic) "webscout-mcp-push" with admin:enterprise, admin:gpg_key, admin:org, admin:org_hook, admin:public_key, admin:repo_hook, admin:ssh_signing_key, audit_log, codespace, copilot, delete:packages, delete_repo, gist, notifications, project, repo, user, workflow, write:discussion, write:network_configurations, and write:packages scopes was recently added to your account. Visit https://github.com/settings/tokens for more information.

To see this and o
================================================================================

================================================================================
⚠️  ERROR EMAIL DETECTED
================================================================================
Time:     2026-09-06 22:02:52
Email ID: 1580
Date:     Thu, 27 Aug 2026 08:25:07 -0700
From:     GitHub <noreply@github.com>
Subject:  [GitHub] A personal access token (classic) has been added to your
 account

Body (first 500 chars):
Hey wxs-lang!

A personal access token (classic) "webscout-mcp-push11" with admin:enterprise, admin:gpg_key, admin:org, admin:org_hook, admin:public_key, admin:repo_hook, admin:ssh_signing_key, audit_log, codespace, copilot, delete:packages, delete_repo, gist, notifications, project, repo, user, workflow, write:discussion, write:network_configurations, and write:packages scopes was recently added to your account. Visit https://github.com/settings/tokens for more information.

To see this and
================================================================================

================================================================================
⚠️  ERROR EMAIL DETECTED
================================================================================
Time:     2026-09-06 22:02:53
Email ID: 1581
Date:     Thu, 27 Aug 2026 08:30:25 -0700
From:     GitHub <noreply@github.com>
Subject:  [GitHub] A personal access token (classic) has been added to your
 account

Body (first 500 chars):
Hey wxs-lang!

A personal access token (classic) "webscout-mcp-push" with repo scope was recently added to your account. Visit https://github.com/settings/tokens for more information.

To see this and other security events for your account, visit https://github.com/settings/security-log

If you run into problems, please contact support by visiting https://github.com/contact

Thanks,
The GitHub Team


================================================================================

================================================================================
⚠️  ERROR EMAIL DETECTED
================================================================================
Time:     2026-09-06 22:02:53
Email ID: 1584
Date:     Fri, 28 Aug 2026 03:20:37 -0700
From:     "wxs-lang" <notifications@github.com>
Subject:  [wxs-lang/webscout-mcp] Run failed: Tests - main (e95c358)

Body (first 500 chars):
[wxs-lang/webscout-mcp] Tests workflow run

Repository: wxs-lang/webscout-mcp
Workflow: Tests
Duration: 33.0 seconds
Finished: 2026-08-28 10:20:16 UTC

View results: https://github.com/wxs-lang/webscout-mcp/actions/runs/33162932488

Jobs:
  * test failed (2 annotations)

-- 
You are receiving this because you are subscribed to this thread.
Manage your GitHub Actions notifications: https://github.com/settings/notifications?email_source=notifications&email_token=CH2AHAJYPSLYANI2Z72VB
================================================================================

================================================================================
⚠️  ERROR EMAIL DETECTED
================================================================================
Time:     2026-09-06 22:02:53
Email ID: 1585
Date:     Fri, 28 Aug 2026 06:15:43 -0700
From:     "wxs-lang" <notifications@github.com>
Subject:  [wxs-lang/webscout-mcp] Run failed: Tests - main (268fd33)

Body (first 500 chars):
[wxs-lang/webscout-mcp] Tests workflow run

Repository: wxs-lang/webscout-mcp
Workflow: Tests
Duration: 35.0 seconds
Finished: 2026-08-28 13:15:22 UTC

View results: https://github.com/wxs-lang/webscout-mcp/actions/runs/33174526310

Jobs:
  * test failed (2 annotations)

-- 
You are receiving this because you are subscribed to this thread.
Manage your GitHub Actions notifications: https://github.com/settings/notifications?email_source=notifications&email_token=CH2AHAKDOKO7MKY6B24KQ
================================================================================

================================================================================
⚠️  ERROR EMAIL DETECTED
================================================================================
Time:     2026-09-06 22:02:53
Email ID: 1586
Date:     Fri, 28 Aug 2026 06:40:23 -0700
From:     "wxs-lang" <notifications@github.com>
Subject:  [wxs-lang/webscout-mcp] Run failed: Tests - main (5d2a724)

Body (first 500 chars):
[wxs-lang/webscout-mcp] Tests workflow run

Repository: wxs-lang/webscout-mcp
Workflow: Tests
Duration: 34.0 seconds
Finished: 2026-08-28 13:40:03 UTC

View results: https://github.com/wxs-lang/webscout-mcp/actions/runs/33176393114

Jobs:
  * test failed (2 annotations)

-- 
You are receiving this because you are subscribed to this thread.
Manage your GitHub Actions notifications: https://github.com/settings/notifications?email_source=notifications&email_token=CH2AHALLVI6ASLZD2Q3JY
================================================================================

================================================================================
⚠️  ERROR EMAIL DETECTED
================================================================================
Time:     2026-09-06 22:02:53
Email ID: 1587
Date:     Fri, 28 Aug 2026 06:40:25 -0700
From:     "wxs-lang" <notifications@github.com>
Subject:  [wxs-lang/webscout-mcp] Run failed: Tests - main (5d2a724)

Body (first 500 chars):
[wxs-lang/webscout-mcp] Tests workflow run

Repository: wxs-lang/webscout-mcp
Workflow: Tests
Duration: 37.0 seconds
Finished: 2026-08-28 13:40:05 UTC

View results: https://github.com/wxs-lang/webscout-mcp/actions/runs/33176392068

Jobs:
  * test failed (2 annotations)

-- 
You are receiving this because you are subscribed to this thread.
Manage your GitHub Actions notifications: https://github.com/settings/notifications?email_source=notifications&email_token=CH2AHAJ2VR7VQGUPCFQQ2
================================================================================

================================================================================
⚠️  ERROR EMAIL DETECTED
================================================================================
Time:     2026-09-06 22:02:53
Email ID: 1588
Date:     Fri, 28 Aug 2026 06:53:19 -0700
From:     "wxs-lang" <notifications@github.com>
Subject:  [wxs-lang/webscout-mcp] Run failed: Tests - main (d237fe4)

Body (first 500 chars):
[wxs-lang/webscout-mcp] Tests workflow run

Repository: wxs-lang/webscout-mcp
Workflow: Tests
Duration: 29.0 seconds
Finished: 2026-08-28 13:52:59 UTC

View results: https://github.com/wxs-lang/webscout-mcp/actions/runs/33177409832

Jobs:
  * test failed (2 annotations)

-- 
You are receiving this because you are subscribed to this thread.
Manage your GitHub Actions notifications: https://github.com/settings/notifications?email_source=notifications&email_token=CH2AHAJBOH6CXFBZSD2LN
================================================================================

================================================================================
⚠️  ERROR EMAIL DETECTED
================================================================================
Time:     2026-09-06 22:02:54
Email ID: 1589
Date:     Fri, 28 Aug 2026 07:02:50 -0700
From:     "wxs-lang" <notifications@github.com>
Subject:  [wxs-lang/webscout-mcp] Run failed: Tests - main (767a78a)

Body (first 500 chars):
[wxs-lang/webscout-mcp] Tests workflow run

Repository: wxs-lang/webscout-mcp
Workflow: Tests
Duration: 33.0 seconds
Finished: 2026-08-28 14:02:29 UTC

View results: https://github.com/wxs-lang/webscout-mcp/actions/runs/33178157998

Jobs:
  * test failed (2 annotations)

-- 
You are receiving this because you are subscribed to this thread.
Manage your GitHub Actions notifications: https://github.com/settings/notifications?email_source=notifications&email_token=CH2AHAJPU3BYXEG3LFTWE
================================================================================

================================================================================
⚠️  ERROR EMAIL DETECTED
================================================================================
Time:     2026-09-06 22:02:54
Email ID: 1590
Date:     Fri, 28 Aug 2026 07:17:09 -0700
From:     "wxs-lang" <notifications@github.com>
Subject:  [wxs-lang/webscout-mcp] Run failed: Tests - main (76a6030)

Body (first 500 chars):
[wxs-lang/webscout-mcp] Tests workflow run

Repository: wxs-lang/webscout-mcp
Workflow: Tests
Duration: 34.0 seconds
Finished: 2026-08-28 14:16:49 UTC

View results: https://github.com/wxs-lang/webscout-mcp/actions/runs/33179321192

Jobs:
  * test failed (2 annotations)

-- 
You are receiving this because you are subscribed to this thread.
Manage your GitHub Actions notifications: https://github.com/settings/notifications?email_source=notifications&email_token=CH2AHALYZ5BK45SGTNORN
================================================================================

================================================================================
⚠️  ERROR EMAIL DETECTED
================================================================================
Time:     2026-09-06 22:02:54
Email ID: 1591
Date:     Fri, 28 Aug 2026 07:32:45 -0700
From:     "wxs-lang" <notifications@github.com>
Subject:  [wxs-lang/webscout-mcp] Run failed: Tests - main (2f24c25)

Body (first 500 chars):
[wxs-lang/webscout-mcp] Tests workflow run

Repository: wxs-lang/webscout-mcp
Workflow: Tests
Duration: 30.0 seconds
Finished: 2026-08-28 14:32:25 UTC

View results: https://github.com/wxs-lang/webscout-mcp/actions/runs/33180618581

Jobs:
  * test failed (2 annotations)

-- 
You are receiving this because you are subscribed to this thread.
Manage your GitHub Actions notifications: https://github.com/settings/notifications?email_source=notifications&email_token=CH2AHAPARP7N6JFLVV3BF
================================================================================

================================================================================
⚠️  ERROR EMAIL DETECTED
================================================================================
Time:     2026-09-06 22:02:54
Email ID: 1592
Date:     Fri, 28 Aug 2026 07:48:18 -0700
From:     "wxs-lang" <notifications@github.com>
Subject:  [wxs-lang/webscout-mcp] Run failed: Tests - main (4ad49bb)

Body (first 500 chars):
[wxs-lang/webscout-mcp] Tests workflow run

Repository: wxs-lang/webscout-mcp
Workflow: Tests
Duration: 30.0 seconds
Finished: 2026-08-28 14:47:58 UTC

View results: https://github.com/wxs-lang/webscout-mcp/actions/runs/33181931217

Jobs:
  * test failed (2 annotations)

-- 
You are receiving this because you are subscribed to this thread.
Manage your GitHub Actions notifications: https://github.com/settings/notifications?email_source=notifications&email_token=CH2AHAMDBKYQ3NSJM5KU4
================================================================================

================================================================================
⚠️  ERROR EMAIL DETECTED
================================================================================
Time:     2026-09-06 22:02:54
Email ID: 1593
Date:     Fri, 28 Aug 2026 08:21:36 -0700
From:     "wxs-lang" <notifications@github.com>
Subject:  [wxs-lang/webscout-mcp] Run failed: Tests - main (7c37b37)

Body (first 500 chars):
[wxs-lang/webscout-mcp] Tests workflow run

Repository: wxs-lang/webscout-mcp
Workflow: Tests
Duration: 33.0 seconds
Finished: 2026-08-28 15:21:15 UTC

View results: https://github.com/wxs-lang/webscout-mcp/actions/runs/33184672582

Jobs:
  * test failed (2 annotations)

-- 
You are receiving this because you are subscribed to this thread.
Manage your GitHub Actions notifications: https://github.com/settings/notifications?email_source=notifications&email_token=CH2AHALKGUQ2GBYV2FBY6
================================================================================

================================================================================
⚠️  ERROR EMAIL DETECTED
================================================================================
Time:     2026-09-06 22:02:54
Email ID: 1594
Date:     Fri, 28 Aug 2026 08:35:34 -0700
From:     "wxs-lang" <notifications@github.com>
Subject:  [wxs-lang/webscout-mcp] Run failed: Tests - main (886338c)

Body (first 500 chars):
[wxs-lang/webscout-mcp] Tests workflow run

Repository: wxs-lang/webscout-mcp
Workflow: Tests
Duration: 39.0 seconds
Finished: 2026-08-28 15:35:14 UTC

View results: https://github.com/wxs-lang/webscout-mcp/actions/runs/33185812027

Jobs:
  * test failed (2 annotations)

-- 
You are receiving this because you are subscribed to this thread.
Manage your GitHub Actions notifications: https://github.com/settings/notifications?email_source=notifications&email_token=CH2AHALEHZHTDOJ7DL23Q
================================================================================

================================================================================
⚠️  ERROR EMAIL DETECTED
================================================================================
Time:     2026-09-06 22:02:54
Email ID: 1596
Date:     Fri, 28 Aug 2026 17:22:48 -0700
From:     GitHub <noreply@github.com>
Subject:  [GitHub] A personal access token (classic) has been granted
 additional scopes

Body (first 500 chars):
Hey wxs-lang!

Previously, the personal access token (classic) "webscout-mcp-push" had repo scope. It was recently updated to include additional scopes (admin:enterprise, admin:gpg_key, admin:org, admin:org_hook, admin:public_key, admin:repo_hook, admin:ssh_signing_key, audit_log, codespace, copilot, delete:packages, delete_repo, gist, notifications, project, user, workflow, write:discussion, write:network_configurations, and write:packages). Visit https://github.com/settings/tokens for more i
================================================================================

================================================================================
⚠️  ERROR EMAIL DETECTED
================================================================================
Time:     2026-09-06 22:02:55
Email ID: 1597
Date:     Fri, 28 Aug 2026 17:26:37 -0700
From:     "wxs-lang" <notifications@github.com>
Subject:  [wxs-lang/webscout-mcp] Run failed: Tests - main (027309c)

Body (first 500 chars):
[wxs-lang/webscout-mcp] Tests workflow run

Repository: wxs-lang/webscout-mcp
Workflow: Tests
Duration: 2 minutes and 44.0 seconds
Finished: 2026-08-29 00:26:16 UTC

View results: https://github.com/wxs-lang/webscout-mcp/actions/runs/33223389219

Jobs:
  * Test (Python 3.10) failed (2 annotations)
  * Test (Python 3.12) failed (2 annotations)
  * Test (Python 3.11) failed (2 annotations)
  * Coverage Report skipped (0 annotations)

-- 
You are receiving this because you are subsc
================================================================================

================================================================================
⚠️  ERROR EMAIL DETECTED
================================================================================
Time:     2026-09-06 22:02:55
Email ID: 1598
Date:     Fri, 28 Aug 2026 17:27:56 -0700
From:     "wxs-lang" <notifications@github.com>
Subject:  [wxs-lang/webscout-mcp] Run failed: Code Quality - main (027309c)

Body (first 500 chars):
[wxs-lang/webscout-mcp] Code Quality workflow run

Repository: wxs-lang/webscout-mcp
Workflow: Code Quality
Duration: 4 minutes and 4.0 seconds
Finished: 2026-08-29 00:27:36 UTC

View results: https://github.com/wxs-lang/webscout-mcp/actions/runs/33223389237

Jobs:
  * CodeQL Analysis (python) succeeded (2 annotations)
  * Security Scan (bandit) failed (2 annotations)
  * Lint (ruff) failed (13 annotations)
  * Type Check (mypy) succeeded (1 annotation)
  * Quality Summary succeede
================================================================================

================================================================================
⚠️  ERROR EMAIL DETECTED
================================================================================
Time:     2026-09-06 22:02:55
Email ID: 1599
Date:     Fri, 28 Aug 2026 17:31:46 -0700
From:     "wxs-lang" <notifications@github.com>
Subject:  [wxs-lang/webscout-mcp] Run failed: Deploy Documentation - main
 (f57aee0)

Body (first 500 chars):
[wxs-lang/webscout-mcp] Deploy Documentation workflow run

Repository: wxs-lang/webscout-mcp
Workflow: Deploy Documentation
Duration: 1 minute and 24.0 seconds
Finished: 2026-08-29 00:31:25 UTC

View results: https://github.com/wxs-lang/webscout-mcp/actions/runs/33223707413

Jobs:
  * Build Documentation succeeded (1 annotation)
  * Deploy to GitHub Pages failed (4 annotations)

-- 
You are receiving this because you are subscribed to this thread.
Manage your GitHub Actions notifi
================================================================================

================================================================================
⚠️  ERROR EMAIL DETECTED
================================================================================
Time:     2026-09-06 22:02:55
Email ID: 1600
Date:     Fri, 28 Aug 2026 17:32:16 -0700
From:     "wxs-lang" <notifications@github.com>
Subject:  [wxs-lang/webscout-mcp] Run failed: Code Quality - main (f57aee0)

Body (first 500 chars):
[wxs-lang/webscout-mcp] Code Quality workflow run

Repository: wxs-lang/webscout-mcp
Workflow: Code Quality
Duration: 1 minute and 54.0 seconds
Finished: 2026-08-29 00:31:55 UTC

View results: https://github.com/wxs-lang/webscout-mcp/actions/runs/33223707435

Jobs:
  * Type Check (mypy) succeeded (1 annotation)
  * CodeQL Analysis (python) succeeded (2 annotations)
  * Lint (ruff) failed (13 annotations)
  * Security Scan (bandit) failed (2 annotations)
  * Quality Summary succeede
================================================================================

================================================================================
⚠️  ERROR EMAIL DETECTED
================================================================================
Time:     2026-09-06 22:02:55
Email ID: 1601
Date:     Fri, 28 Aug 2026 17:33:25 -0700
From:     "wxs-lang" <notifications@github.com>
Subject:  [wxs-lang/webscout-mcp] Run failed: Tests - main (f57aee0)

Body (first 500 chars):
[wxs-lang/webscout-mcp] Tests workflow run

Repository: wxs-lang/webscout-mcp
Workflow: Tests
Duration: 3 minutes and 4.0 seconds
Finished: 2026-08-29 00:33:05 UTC

View results: https://github.com/wxs-lang/webscout-mcp/actions/runs/33223707432

Jobs:
  * Test (Python 3.10) failed (2 annotations)
  * Test (Python 3.12) failed (2 annotations)
  * Test (Python 3.11) failed (2 annotations)
  * Coverage Report skipped (0 annotations)

-- 
You are receiving this because you are subscr
================================================================================

================================================================================
⚠️  ERROR EMAIL DETECTED
================================================================================
Time:     2026-09-06 22:02:55
Email ID: 1602
Date:     Fri, 28 Aug 2026 17:45:49 -0700
From:     "wxs-lang" <notifications@github.com>
Subject:  [wxs-lang/webscout-mcp] Run failed: Code Quality - main (c0b2c0a)

Body (first 500 chars):
[wxs-lang/webscout-mcp] Code Quality workflow run

Repository: wxs-lang/webscout-mcp
Workflow: Code Quality
Duration: 1 minute and 57.0 seconds
Finished: 2026-08-29 00:45:29 UTC

View results: https://github.com/wxs-lang/webscout-mcp/actions/runs/33224373732

Jobs:
  * CodeQL Analysis (python) succeeded (2 annotations)
  * Lint (ruff) succeeded (12 annotations)
  * Type Check (mypy) succeeded (1 annotation)
  * Security Scan (bandit) failed (2 annotations)
  * Quality Summary succe
================================================================================

================================================================================
⚠️  ERROR EMAIL DETECTED
================================================================================
Time:     2026-09-06 22:02:55
Email ID: 1603
Date:     Fri, 28 Aug 2026 17:46:34 -0700
From:     "wxs-lang" <notifications@github.com>
Subject:  [wxs-lang/webscout-mcp] Run failed: Tests - main (c0b2c0a)

Body (first 500 chars):
[wxs-lang/webscout-mcp] Tests workflow run

Repository: wxs-lang/webscout-mcp
Workflow: Tests
Duration: 2 minutes and 41.0 seconds
Finished: 2026-08-29 00:46:13 UTC

View results: https://github.com/wxs-lang/webscout-mcp/actions/runs/33224373708

Jobs:
  * Test (Python 3.12) failed (2 annotations)
  * Test (Python 3.10) failed (2 annotations)
  * Test (Python 3.11) failed (2 annotations)
  * Coverage Report skipped (0 annotations)

-- 
You are receiving this because you are subsc
================================================================================

================================================================================
⚠️  ERROR EMAIL DETECTED
================================================================================
Time:     2026-09-06 22:02:56
Email ID: 1604
Date:     Fri, 28 Aug 2026 17:51:35 -0700
From:     "wxs-lang" <notifications@github.com>
Subject:  [wxs-lang/webscout-mcp] Run failed: Tests - main (20869c1)

Body (first 500 chars):
[wxs-lang/webscout-mcp] Tests workflow run

Repository: wxs-lang/webscout-mcp
Workflow: Tests
Duration: 3 minutes and 1.0 second
Finished: 2026-08-29 00:51:15 UTC

View results: https://github.com/wxs-lang/webscout-mcp/actions/runs/33224605035

Jobs:
  * Test (Python 3.10) failed (2 annotations)
  * Test (Python 3.12) failed (2 annotations)
  * Test (Python 3.11) failed (2 annotations)
  * Coverage Report skipped (0 annotations)

-- 
You are receiving this because you are subscri
================================================================================

================================================================================
⚠️  ERROR EMAIL DETECTED
================================================================================
Time:     2026-09-06 22:02:56
Email ID: 1608
Date:     Fri, 28 Aug 2026 19:40:46 -0700
From:     "wxs-lang" <notifications@github.com>
Subject:  [wxs-lang/webscout-mcp] Run failed: Code Quality - main (4b3b256)

Body (first 500 chars):
[wxs-lang/webscout-mcp] Code Quality workflow run

Repository: wxs-lang/webscout-mcp
Workflow: Code Quality
Duration: 2 minutes and 9.0 seconds
Finished: 2026-08-29 02:40:26 UTC

View results: https://github.com/wxs-lang/webscout-mcp/actions/runs/33229452372

Jobs:
  * Lint (ruff) failed (12 annotations)
  * CodeQL Analysis (python) succeeded (2 annotations)
  * Security Scan (bandit) failed (2 annotations)
  * Type Check (mypy) succeeded (1 annotation)
  * Quality Summary succeede
================================================================================

================================================================================
⚠️  ERROR EMAIL DETECTED
================================================================================
Time:     2026-09-06 22:02:56
Email ID: 1609
Date:     Fri, 28 Aug 2026 19:48:44 -0700
From:     "wxs-lang" <notifications@github.com>
Subject:  [wxs-lang/webscout-mcp] Run failed: Code Quality - main (f694d2a)

Body (first 500 chars):
[wxs-lang/webscout-mcp] Code Quality workflow run

Repository: wxs-lang/webscout-mcp
Workflow: Code Quality
Duration: 2 minutes and 14.0 seconds
Finished: 2026-08-29 02:48:24 UTC

View results: https://github.com/wxs-lang/webscout-mcp/actions/runs/33229758189

Jobs:
  * Type Check (mypy) succeeded (1 annotation)
  * CodeQL Analysis (python) succeeded (2 annotations)
  * Security Scan (bandit) failed (2 annotations)
  * Lint (ruff) failed (12 annotations)
  * Quality Summary succeed
================================================================================

================================================================================
⚠️  ERROR EMAIL DETECTED
================================================================================
Time:     2026-09-06 22:02:56
Email ID: 1610
Date:     Fri, 28 Aug 2026 20:00:48 -0700
From:     "wxs-lang" <notifications@github.com>
Subject:  [wxs-lang/webscout-mcp] Run failed: Code Quality - main (48e1d7d)

Body (first 500 chars):
[wxs-lang/webscout-mcp] Code Quality workflow run

Repository: wxs-lang/webscout-mcp
Workflow: Code Quality
Duration: 2 minutes and 6.0 seconds
Finished: 2026-08-29 03:00:28 UTC

View results: https://github.com/wxs-lang/webscout-mcp/actions/runs/33230227316

Jobs:
  * Security Scan (bandit) failed (2 annotations)
  * Type Check (mypy) succeeded (1 annotation)
  * CodeQL Analysis (python) succeeded (2 annotations)
  * Lint (ruff) failed (12 annotations)
  * Quality Summary succeede
================================================================================

================================================================================
⚠️  ERROR EMAIL DETECTED
================================================================================
Time:     2026-09-06 22:02:56
Email ID: 1611
Date:     Fri, 28 Aug 2026 20:06:43 -0700
From:     "wxs-lang" <notifications@github.com>
Subject:  [wxs-lang/webscout-mcp] Run failed: Code Quality - main (6dce4e2)

Body (first 500 chars):
[wxs-lang/webscout-mcp] Code Quality workflow run

Repository: wxs-lang/webscout-mcp
Workflow: Code Quality
Duration: 2 minutes and 13.0 seconds
Finished: 2026-08-29 03:06:22 UTC

View results: https://github.com/wxs-lang/webscout-mcp/actions/runs/33230473271

Jobs:
  * CodeQL Analysis (python) succeeded (2 annotations)
  * Type Check (mypy) succeeded (1 annotation)
  * Lint (ruff) failed (12 annotations)
  * Security Scan (bandit) failed (2 annotations)
  * Quality Summary succeed
================================================================================

================================================================================
⚠️  ERROR EMAIL DETECTED
================================================================================
Time:     2026-09-06 22:02:56
Email ID: 1612
Date:     Fri, 28 Aug 2026 20:17:43 -0700
From:     "wxs-lang" <notifications@github.com>
Subject:  [wxs-lang/webscout-mcp] Run failed: Code Quality - main (b0c851d)

Body (first 500 chars):
[wxs-lang/webscout-mcp] Code Quality workflow run

Repository: wxs-lang/webscout-mcp
Workflow: Code Quality
Duration: 2 minutes and 35.0 seconds
Finished: 2026-08-29 03:17:22 UTC

View results: https://github.com/wxs-lang/webscout-mcp/actions/runs/33230907632

Jobs:
  * Security Scan (bandit) failed (2 annotations)
  * CodeQL Analysis (python) succeeded (2 annotations)
  * Type Check (mypy) succeeded (1 annotation)
  * Lint (ruff) failed (12 annotations)
  * Quality Summary succeed
================================================================================

================================================================================
⚠️  ERROR EMAIL DETECTED
================================================================================
Time:     2026-09-06 22:02:57
Email ID: 1613
Date:     Fri, 28 Aug 2026 20:19:59 -0700
From:     "wxs-lang" <notifications@github.com>
Subject:  [wxs-lang/webscout-mcp] Run failed: Code Quality - main (7e386de)

Body (first 500 chars):
[wxs-lang/webscout-mcp] Code Quality workflow run

Repository: wxs-lang/webscout-mcp
Workflow: Code Quality
Duration: 2 minutes and 11.0 seconds
Finished: 2026-08-29 03:19:39 UTC

View results: https://github.com/wxs-lang/webscout-mcp/actions/runs/33231019562

Jobs:
  * Lint (ruff) failed (12 annotations)
  * Security Scan (bandit) failed (2 annotations)
  * CodeQL Analysis (python) succeeded (2 annotations)
  * Type Check (mypy) succeeded (1 annotation)
  * Quality Summary succeed
================================================================================

================================================================================
⚠️  ERROR EMAIL DETECTED
================================================================================
Time:     2026-09-06 22:02:57
Email ID: 1614
Date:     Fri, 28 Aug 2026 20:27:13 -0700
From:     "wxs-lang" <notifications@github.com>
Subject:  [wxs-lang/webscout-mcp] Run failed: Code Quality - main (5225f0d)

Body (first 500 chars):
[wxs-lang/webscout-mcp] Code Quality workflow run

Repository: wxs-lang/webscout-mcp
Workflow: Code Quality
Duration: 2 minutes and 30.0 seconds
Finished: 2026-08-29 03:26:52 UTC

View results: https://github.com/wxs-lang/webscout-mcp/actions/runs/33231309457

Jobs:
  * Lint (ruff) failed (12 annotations)
  * CodeQL Analysis (python) succeeded (2 annotations)
  * Security Scan (bandit) failed (2 annotations)
  * Type Check (mypy) succeeded (1 annotation)
  * Quality Summary succeed
================================================================================

================================================================================
⚠️  ERROR EMAIL DETECTED
================================================================================
Time:     2026-09-06 22:02:57
Email ID: 1615
Date:     Fri, 28 Aug 2026 20:35:54 -0700
From:     "wxs-lang" <notifications@github.com>
Subject:  [wxs-lang/webscout-mcp] Run failed: Code Quality - main (fefbb07)

Body (first 500 chars):
[wxs-lang/webscout-mcp] Code Quality workflow run

Repository: wxs-lang/webscout-mcp
Workflow: Code Quality
Duration: 2 minutes and 2.0 seconds
Finished: 2026-08-29 03:35:34 UTC

View results: https://github.com/wxs-lang/webscout-mcp/actions/runs/33231700270

Jobs:
  * CodeQL Analysis (python) succeeded (2 annotations)
  * Security Scan (bandit) failed (2 annotations)
  * Lint (ruff) failed (12 annotations)
  * Type Check (mypy) succeeded (1 annotation)
  * Quality Summary succeede
================================================================================

================================================================================
⚠️  ERROR EMAIL DETECTED
================================================================================
Time:     2026-09-06 22:02:57
Email ID: 1616
Date:     Fri, 28 Aug 2026 20:57:18 -0700
From:     "wxs-lang" <notifications@github.com>
Subject:  [wxs-lang/webscout-mcp] Run failed: Code Quality - main (c0bf186)

Body (first 500 chars):
[wxs-lang/webscout-mcp] Code Quality workflow run

Repository: wxs-lang/webscout-mcp
Workflow: Code Quality
Duration: 2 minutes and 25.0 seconds
Finished: 2026-08-29 03:56:57 UTC

View results: https://github.com/wxs-lang/webscout-mcp/actions/runs/33232539975

Jobs:
  * Security Scan (bandit) failed (2 annotations)
  * Type Check (mypy) succeeded (1 annotation)
  * CodeQL Analysis (python) succeeded (2 annotations)
  * Lint (ruff) failed (12 annotations)
  * Quality Summary succeed
================================================================================

================================================================================
⚠️  ERROR EMAIL DETECTED
================================================================================
Time:     2026-09-06 22:02:57
Email ID: 1617
Date:     Fri, 28 Aug 2026 21:01:09 -0700
From:     "wxs-lang" <notifications@github.com>
Subject:  [wxs-lang/webscout-mcp] Run failed: Code Quality - main (f8d9101)

Body (first 500 chars):
[wxs-lang/webscout-mcp] Code Quality workflow run

Repository: wxs-lang/webscout-mcp
Workflow: Code Quality
Duration: 2 minutes and 12.0 seconds
Finished: 2026-08-29 04:00:49 UTC

View results: https://github.com/wxs-lang/webscout-mcp/actions/runs/33232690047

Jobs:
  * CodeQL Analysis (python) succeeded (2 annotations)
  * Lint (ruff) failed (12 annotations)
  * Type Check (mypy) succeeded (1 annotation)
  * Security Scan (bandit) failed (2 annotations)
  * Quality Summary succeed
================================================================================

================================================================================
⚠️  ERROR EMAIL DETECTED
================================================================================
Time:     2026-09-06 22:02:57
Email ID: 1618
Date:     Fri, 28 Aug 2026 21:05:36 -0700
From:     "wxs-lang" <notifications@github.com>
Subject:  [wxs-lang/webscout-mcp] Run failed: Code Quality - main (303fda9)

Body (first 500 chars):
[wxs-lang/webscout-mcp] Code Quality workflow run

Repository: wxs-lang/webscout-mcp
Workflow: Code Quality
Duration: 2 minutes and 16.0 seconds
Finished: 2026-08-29 04:05:16 UTC

View results: https://github.com/wxs-lang/webscout-mcp/actions/runs/33232871361

Jobs:
  * Lint (ruff) failed (12 annotations)
  * Type Check (mypy) succeeded (1 annotation)
  * CodeQL Analysis (python) succeeded (2 annotations)
  * Security Scan (bandit) failed (2 annotations)
  * Quality Summary succeed
================================================================================

================================================================================
⚠️  ERROR EMAIL DETECTED
================================================================================
Time:     2026-09-06 22:02:57
Email ID: 1619
Date:     Fri, 28 Aug 2026 22:17:08 -0700
From:     "wxs-lang" <notifications@github.com>
Subject:  [wxs-lang/webscout-mcp] Run failed: Code Quality - main (3e00512)

Body (first 500 chars):
[wxs-lang/webscout-mcp] Code Quality workflow run

Repository: wxs-lang/webscout-mcp
Workflow: Code Quality
Duration: 2 minutes
Finished: 2026-08-29 05:16:47 UTC

View results: https://github.com/wxs-lang/webscout-mcp/actions/runs/33235707937

Jobs:
  * Type Check (mypy) succeeded (1 annotation)
  * CodeQL Analysis (python) succeeded (2 annotations)
  * Lint (ruff) failed (12 annotations)
  * Security Scan (bandit) failed (2 annotations)
  * Quality Summary succeeded (0 annotations
================================================================================

================================================================================
⚠️  ERROR EMAIL DETECTED
================================================================================
Time:     2026-09-06 22:02:58
Email ID: 1620
Date:     Fri, 28 Aug 2026 22:21:17 -0700
From:     "wxs-lang" <notifications@github.com>
Subject:  [wxs-lang/webscout-mcp] Run failed: Code Quality - main (485f175)

Body (first 500 chars):
[wxs-lang/webscout-mcp] Code Quality workflow run

Repository: wxs-lang/webscout-mcp
Workflow: Code Quality
Duration: 2 minutes and 10.0 seconds
Finished: 2026-08-29 05:20:57 UTC

View results: https://github.com/wxs-lang/webscout-mcp/actions/runs/33235870173

Jobs:
  * Security Scan (bandit) failed (2 annotations)
  * CodeQL Analysis (python) succeeded (2 annotations)
  * Type Check (mypy) succeeded (1 annotation)
  * Lint (ruff) failed (12 annotations)
  * Quality Summary succeed
================================================================================

================================================================================
⚠️  ERROR EMAIL DETECTED
================================================================================
Time:     2026-09-06 22:02:58
Email ID: 1621
Date:     Fri, 28 Aug 2026 22:41:51 -0700
From:     "wxs-lang" <notifications@github.com>
Subject:  [wxs-lang/webscout-mcp] Run failed: Code Quality - main (b80aa33)

Body (first 500 chars):
[wxs-lang/webscout-mcp] Code Quality workflow run

Repository: wxs-lang/webscout-mcp
Workflow: Code Quality
Duration: 2 minutes and 16.0 seconds
Finished: 2026-08-29 05:41:31 UTC

View results: https://github.com/wxs-lang/webscout-mcp/actions/runs/33236665106

Jobs:
  * Lint (ruff) succeeded (2 annotations)
  * Security Scan (bandit) failed (2 annotations)
  * CodeQL Analysis (python) succeeded (2 annotations)
  * Type Check (mypy) succeeded (1 annotation)
  * Quality Summary succe
================================================================================

================================================================================
⚠️  ERROR EMAIL DETECTED
================================================================================
Time:     2026-09-06 22:02:58
Email ID: 1622
Date:     Fri, 28 Aug 2026 22:59:52 -0700
From:     "wxs-lang" <notifications@github.com>
Subject:  [wxs-lang/webscout-mcp] Run failed: Code Quality - main (c9ad2e8)

Body (first 500 chars):
[wxs-lang/webscout-mcp] Code Quality workflow run

Repository: wxs-lang/webscout-mcp
Workflow: Code Quality
Duration: 2 minutes and 22.0 seconds
Finished: 2026-08-29 05:59:32 UTC

View results: https://github.com/wxs-lang/webscout-mcp/actions/runs/33237326351

Jobs:
  * CodeQL Analysis (python) succeeded (2 annotations)
  * Security Scan (bandit) failed (2 annotations)
  * Lint (ruff) succeeded (2 annotations)
  * Type Check (mypy) succeeded (1 annotation)
  * Quality Summary succe
================================================================================

================================================================================
⚠️  ERROR EMAIL DETECTED
================================================================================
Time:     2026-09-06 22:02:58
Email ID: 1623
Date:     Fri, 28 Aug 2026 23:23:34 -0700
From:     "wxs-lang" <notifications@github.com>
Subject:  [wxs-lang/webscout-mcp] Run failed: Code Quality - main (1e6c326)

Body (first 500 chars):
[wxs-lang/webscout-mcp] Code Quality workflow run

Repository: wxs-lang/webscout-mcp
Workflow: Code Quality
Duration: 2 minutes and 22.0 seconds
Finished: 2026-08-29 06:23:14 UTC

View results: https://github.com/wxs-lang/webscout-mcp/actions/runs/33238245480

Jobs:
  * Type Check (mypy) succeeded (1 annotation)
  * Security Scan (bandit) failed (2 annotations)
  * CodeQL Analysis (python) succeeded (2 annotations)
  * Lint (ruff) succeeded (2 annotations)
  * Quality Summary succe
================================================================================

================================================================================
⚠️  ERROR EMAIL DETECTED
================================================================================
Time:     2026-09-06 22:02:58
Email ID: 1624
Date:     Fri, 28 Aug 2026 23:55:12 -0700
From:     "wxs-lang" <notifications@github.com>
Subject:  [wxs-lang/webscout-mcp] Run failed: Code Quality - main (7300f2c)

Body (first 500 chars):
[wxs-lang/webscout-mcp] Code Quality workflow run

Repository: wxs-lang/webscout-mcp
Workflow: Code Quality
Duration: 2 minutes and 31.0 seconds
Finished: 2026-08-29 06:54:52 UTC

View results: https://github.com/wxs-lang/webscout-mcp/actions/runs/33239512254

Jobs:
  * Lint (ruff) succeeded (2 annotations)
  * Security Scan (bandit) failed (2 annotations)
  * CodeQL Analysis (python) succeeded (2 annotations)
  * Type Check (mypy) succeeded (1 annotation)
  * Quality Summary succe
================================================================================

================================================================================
⚠️  ERROR EMAIL DETECTED
================================================================================
Time:     2026-09-06 22:02:58
Email ID: 1625
Date:     Sat, 29 Aug 2026 00:01:08 -0700
From:     "wxs-lang" <notifications@github.com>
Subject:  [wxs-lang/webscout-mcp] Run failed: Code Quality - main (01544f0)

Body (first 500 chars):
[wxs-lang/webscout-mcp] Code Quality workflow run

Repository: wxs-lang/webscout-mcp
Workflow: Code Quality
Duration: 2 minutes and 19.0 seconds
Finished: 2026-08-29 07:00:47 UTC

View results: https://github.com/wxs-lang/webscout-mcp/actions/runs/33239735644

Jobs:
  * Security Scan (bandit) failed (2 annotations)
  * CodeQL Analysis (python) succeeded (2 annotations)
  * Lint (ruff) succeeded (2 annotations)
  * Type Check (mypy) succeeded (1 annotation)
  * Quality Summary succe
================================================================================

================================================================================
⚠️  ERROR EMAIL DETECTED
================================================================================
Time:     2026-09-06 22:02:58
Email ID: 1626
Date:     Sat, 29 Aug 2026 00:08:12 -0700
From:     "wxs-lang" <notifications@github.com>
Subject:  [wxs-lang/webscout-mcp] Run failed: Code Quality - main (f588ad6)

Body (first 500 chars):
[wxs-lang/webscout-mcp] Code Quality workflow run

Repository: wxs-lang/webscout-mcp
Workflow: Code Quality
Duration: 2 minutes and 25.0 seconds
Finished: 2026-08-29 07:07:52 UTC

View results: https://github.com/wxs-lang/webscout-mcp/actions/runs/33240018017

Jobs:
  * CodeQL Analysis (python) succeeded (2 annotations)
  * Security Scan (bandit) failed (2 annotations)
  * Lint (ruff) succeeded (2 annotations)
  * Type Check (mypy) succeeded (1 annotation)
  * Quality Summary succe
================================================================================

================================================================================
⚠️  ERROR EMAIL DETECTED
================================================================================
Time:     2026-09-06 22:02:58
Email ID: 1627
Date:     Sat, 29 Aug 2026 00:15:03 -0700
From:     "wxs-lang" <notifications@github.com>
Subject:  [wxs-lang/webscout-mcp] Run failed: Code Quality - main (f95c296)

Body (first 500 chars):
[wxs-lang/webscout-mcp] Code Quality workflow run

Repository: wxs-lang/webscout-mcp
Workflow: Code Quality
Duration: 2 minutes and 26.0 seconds
Finished: 2026-08-29 07:14:42 UTC

View results: https://github.com/wxs-lang/webscout-mcp/actions/runs/33240290642

Jobs:
  * Type Check (mypy) succeeded (1 annotation)
  * CodeQL Analysis (python) succeeded (2 annotations)
  * Lint (ruff) failed (3 annotations)
  * Security Scan (bandit) failed (2 annotations)
  * Quality Summary succeede
================================================================================

================================================================================
⚠️  ERROR EMAIL DETECTED
================================================================================
Time:     2026-09-06 22:02:59
Email ID: 1628
Date:     Sat, 29 Aug 2026 00:18:08 -0700
From:     "wxs-lang" <notifications@github.com>
Subject:  [wxs-lang/webscout-mcp] Run failed: Code Quality - main (2957322)

Body (first 500 chars):
[wxs-lang/webscout-mcp] Code Quality workflow run

Repository: wxs-lang/webscout-mcp
Workflow: Code Quality
Duration: 2 minutes and 13.0 seconds
Finished: 2026-08-29 07:17:48 UTC

View results: https://github.com/wxs-lang/webscout-mcp/actions/runs/33240418624

Jobs:
  * CodeQL Analysis (python) succeeded (2 annotations)
  * Type Check (mypy) succeeded (1 annotation)
  * Lint (ruff) failed (3 annotations)
  * Security Scan (bandit) failed (2 annotations)
  * Quality Summary succeede
================================================================================

================================================================================
⚠️  ERROR EMAIL DETECTED
================================================================================
Time:     2026-09-06 22:02:59
Email ID: 1629
Date:     Sat, 29 Aug 2026 00:47:00 -0700
From:     "wxs-lang" <notifications@github.com>
Subject:  [wxs-lang/webscout-mcp] Run failed: Code Quality - main (bb17235)

Body (first 500 chars):
[wxs-lang/webscout-mcp] Code Quality workflow run

Repository: wxs-lang/webscout-mcp
Workflow: Code Quality
Duration: 2 minutes and 28.0 seconds
Finished: 2026-08-29 07:46:40 UTC

View results: https://github.com/wxs-lang/webscout-mcp/actions/runs/33241524768

Jobs:
  * Type Check (mypy) succeeded (1 annotation)
  * Security Scan (bandit) failed (2 annotations)
  * Lint (ruff) succeeded (2 annotations)
  * CodeQL Analysis (python) succeeded (2 annotations)
  * Quality Summary succe
================================================================================

================================================================================
⚠️  ERROR EMAIL DETECTED
================================================================================
Time:     2026-09-06 22:02:59
Email ID: 1630
Date:     Sat, 29 Aug 2026 00:50:59 -0700
From:     "wxs-lang" <notifications@github.com>
Subject:  [wxs-lang/webscout-mcp] Run failed: Code Quality - main (a8a56fa)

Body (first 500 chars):
[wxs-lang/webscout-mcp] Code Quality workflow run

Repository: wxs-lang/webscout-mcp
Workflow: Code Quality
Duration: 2 minutes and 15.0 seconds
Finished: 2026-08-29 07:50:39 UTC

View results: https://github.com/wxs-lang/webscout-mcp/actions/runs/33241687995

Jobs:
  * Type Check (mypy) succeeded (1 annotation)
  * Lint (ruff) succeeded (2 annotations)
  * Security Scan (bandit) failed (2 annotations)
  * CodeQL Analysis (python) succeeded (2 annotations)
  * Quality Summary succe
================================================================================

================================================================================
⚠️  ERROR EMAIL DETECTED
================================================================================
Time:     2026-09-06 22:02:59
Email ID: 1631
Date:     Sat, 29 Aug 2026 01:01:17 -0700
From:     "wxs-lang" <notifications@github.com>
Subject:  [wxs-lang/webscout-mcp] Run failed: Code Quality - main (f9ce491)

Body (first 500 chars):
[wxs-lang/webscout-mcp] Code Quality workflow run

Repository: wxs-lang/webscout-mcp
Workflow: Code Quality
Duration: 2 minutes and 32.0 seconds
Finished: 2026-08-29 08:00:57 UTC

View results: https://github.com/wxs-lang/webscout-mcp/actions/runs/33242049836

Jobs:
  * Type Check (mypy) succeeded (1 annotation)
  * CodeQL Analysis (python) succeeded (2 annotations)
  * Security Scan (bandit) failed (2 annotations)
  * Lint (ruff) succeeded (2 annotations)
  * Quality Summary succe
================================================================================

================================================================================
⚠️  ERROR EMAIL DETECTED
================================================================================
Time:     2026-09-06 22:03:00
Email ID: 1643
Date:     Sat, 29 Aug 2026 02:40:21 -0700
From:     "wxs-lang" <notifications@github.com>
Subject:  [wxs-lang/webscout-mcp] Run failed: Tests - main (4a0d6a3)

Body (first 500 chars):
[wxs-lang/webscout-mcp] Tests workflow run

Repository: wxs-lang/webscout-mcp
Workflow: Tests
Duration: 10 minutes and 20.0 seconds
Finished: 2026-08-29 09:40:00 UTC

View results: https://github.com/wxs-lang/webscout-mcp/actions/runs/33245615602

Jobs:
  * Unit Tests (Python 3.10) failed (2 annotations)
  * Integration Tests (Python 3.11) cancelled (3 annotations)
  * Fault Injection Tests succeeded (1 annotation)
  * Unit Tests (Python 3.11) failed (2 annotations)
  * Integration
================================================================================

================================================================================
⚠️  ERROR EMAIL DETECTED
================================================================================
Time:     2026-09-06 22:03:00
Email ID: 1645
Date:     Sat, 29 Aug 2026 02:54:14 -0700
From:     "wxs-lang" <notifications@github.com>
Subject:  [wxs-lang/webscout-mcp] Run failed: Code Quality - main (21b0bf3)

Body (first 500 chars):
[wxs-lang/webscout-mcp] Code Quality workflow run

Repository: wxs-lang/webscout-mcp
Workflow: Code Quality
Duration: 2 minutes and 17.0 seconds
Finished: 2026-08-29 09:53:54 UTC

View results: https://github.com/wxs-lang/webscout-mcp/actions/runs/33246463396

Jobs:
  * Lint (ruff) failed (4 annotations)
  * CodeQL Analysis (python) succeeded (2 annotations)
  * Type Check (mypy) succeeded (1 annotation)
  * Security Scan (bandit) succeeded (1 annotation)
  * Quality Summary succee
================================================================================

================================================================================
⚠️  ERROR EMAIL DETECTED
================================================================================
Time:     2026-09-06 22:03:01
Email ID: 1647
Date:     Sat, 29 Aug 2026 03:02:34 -0700
From:     "wxs-lang" <notifications@github.com>
Subject:  [wxs-lang/webscout-mcp] Run failed: Tests - main (21b0bf3)

Body (first 500 chars):
[wxs-lang/webscout-mcp] Tests workflow run

Repository: wxs-lang/webscout-mcp
Workflow: Tests
Duration: 10 minutes and 37.0 seconds
Finished: 2026-08-29 10:02:14 UTC

View results: https://github.com/wxs-lang/webscout-mcp/actions/runs/33246463419

Jobs:
  * MCP E2E Tests succeeded (1 annotation)
  * Fault Injection Tests succeeded (1 annotation)
  * Integration Tests (Python 3.11) cancelled (3 annotations)
  * Unit Tests (Python 3.12) failed (2 annotations)
  * Unit Tests (Python 3
================================================================================

================================================================================
⚠️  ERROR EMAIL DETECTED
================================================================================
Time:     2026-09-06 22:03:01
Email ID: 1649
Date:     Sat, 29 Aug 2026 09:28:26 -0700
From:     "wxs-lang" <notifications@github.com>
Subject:  [wxs-lang/webscout-mcp] PR run failed: Code Quality - fix: resolve
 CI stability issues and align release gate with branch protection (3c15978)

Body (first 500 chars):
[wxs-lang/webscout-mcp] Code Quality workflow run

Repository: wxs-lang/webscout-mcp
Workflow: Code Quality
Duration: 2 minutes and 21.0 seconds
Finished: 2026-08-29 16:28:06 UTC

View results: https://github.com/wxs-lang/webscout-mcp/actions/runs/33262940763

Jobs:
  * CodeQL Analysis (python) succeeded (2 annotations)
  * Lint (ruff) failed (3 annotations)
  * Security Scan (bandit) succeeded (1 annotation)
  * Type Check (mypy) succeeded (1 annotation)
  * Quality Summary succee
================================================================================

================================================================================
⚠️  ERROR EMAIL DETECTED
================================================================================
Time:     2026-09-06 22:03:01
Email ID: 1650
Date:     Sat, 29 Aug 2026 09:31:08 -0700
From:     "wxs-lang" <notifications@github.com>
Subject:  [wxs-lang/webscout-mcp] PR run failed: Tests - fix: resolve CI
 stability issues and align release gate with branch protection (3c15978)

Body (first 500 chars):
[wxs-lang/webscout-mcp] Tests workflow run

Repository: wxs-lang/webscout-mcp
Workflow: Tests
Duration: 5 minutes and 3.0 seconds
Finished: 2026-08-29 16:30:48 UTC

View results: https://github.com/wxs-lang/webscout-mcp/actions/runs/33262940756

Jobs:
  * MCP E2E Tests succeeded (1 annotation)
  * Unit Tests (Python 3.10) succeeded (1 annotation)
  * Integration Tests (Python 3.10) succeeded (1 annotation)
  * Unit Tests (Python 3.11) succeeded (1 annotation)
  * Fault Injection Te
================================================================================

================================================================================
⚠️  ERROR EMAIL DETECTED
================================================================================
Time:     2026-09-06 22:03:01
Email ID: 1651
Date:     Sat, 29 Aug 2026 09:34:50 -0700
From:     "wxs-lang" <notifications@github.com>
Subject:  [wxs-lang/webscout-mcp] PR run failed: Code Quality - fix: resolve
 CI stability issues and align release gate with branch protection (b7a6616)

Body (first 500 chars):
[wxs-lang/webscout-mcp] Code Quality workflow run

Repository: wxs-lang/webscout-mcp
Workflow: Code Quality
Duration: 2 minutes and 4.0 seconds
Finished: 2026-08-29 16:34:29 UTC

View results: https://github.com/wxs-lang/webscout-mcp/actions/runs/33263248586

Jobs:
  * CodeQL Analysis (python) succeeded (2 annotations)
  * Security Scan (bandit) succeeded (1 annotation)
  * Type Check (mypy) succeeded (1 annotation)
  * Lint (ruff) failed (3 annotations)
  * Quality Summary succeed
================================================================================

================================================================================
⚠️  ERROR EMAIL DETECTED
================================================================================
Time:     2026-09-06 22:03:01
Email ID: 1652
Date:     Sat, 29 Aug 2026 09:37:45 -0700
From:     "wxs-lang" <notifications@github.com>
Subject:  [wxs-lang/webscout-mcp] PR run failed: Tests - fix: resolve CI
 stability issues and align release gate with branch protection (b7a6616)

Body (first 500 chars):
[wxs-lang/webscout-mcp] Tests workflow run

Repository: wxs-lang/webscout-mcp
Workflow: Tests
Duration: 4 minutes and 59.0 seconds
Finished: 2026-08-29 16:37:24 UTC

View results: https://github.com/wxs-lang/webscout-mcp/actions/runs/33263248584

Jobs:
  * Fault Injection Tests succeeded (1 annotation)
  * Integration Tests (Python 3.10) succeeded (1 annotation)
  * Unit Tests (Python 3.12) succeeded (1 annotation)
  * Integration Tests (Python 3.11) succeeded (1 annotation)
  * MC
================================================================================

================================================================================
⚠️  ERROR EMAIL DETECTED
================================================================================
Time:     2026-09-06 22:03:01
Email ID: 1653
Date:     Sat, 29 Aug 2026 09:46:51 -0700
From:     "wxs-lang" <notifications@github.com>
Subject:  [wxs-lang/webscout-mcp] PR run failed: Tests - fix: resolve CI
 stability issues and align release gate with branch protection (a148252)

Body (first 500 chars):
[wxs-lang/webscout-mcp] Tests workflow run

Repository: wxs-lang/webscout-mcp
Workflow: Tests
Duration: 7 minutes and 2.0 seconds
Finished: 2026-08-29 16:46:31 UTC

View results: https://github.com/wxs-lang/webscout-mcp/actions/runs/33263569278

Jobs:
  * Fault Injection Tests succeeded (1 annotation)
  * Integration Tests (Python 3.11) succeeded (1 annotation)
  * Unit Tests (Python 3.11) succeeded (1 annotation)
  * Integration Tests (Python 3.10) succeeded (1 annotation)
  * MCP
================================================================================

================================================================================
⚠️  ERROR EMAIL DETECTED
================================================================================
Time:     2026-09-06 22:03:02
Email ID: 1654
Date:     Sat, 29 Aug 2026 09:50:22 -0700
From:     "wxs-lang" <notifications@github.com>
Subject:  [wxs-lang/webscout-mcp] Run failed: Tests - main (8bf001a)

Body (first 500 chars):
[wxs-lang/webscout-mcp] Tests workflow run

Repository: wxs-lang/webscout-mcp
Workflow: Tests
Duration: 5 minutes and 1.0 second
Finished: 2026-08-29 16:50:01 UTC

View results: https://github.com/wxs-lang/webscout-mcp/actions/runs/33263805120

Jobs:
  * Fault Injection Tests succeeded (1 annotation)
  * MCP E2E Tests succeeded (1 annotation)
  * Unit Tests (Python 3.11) succeeded (1 annotation)
  * Integration Tests (Python 3.10) succeeded (1 annotation)
  * Unit Tests (Python 3.1
================================================================================

================================================================================
⚠️  ERROR EMAIL DETECTED
================================================================================
Time:     2026-09-06 22:03:02
Email ID: 1655
Date:     Sat, 29 Aug 2026 09:59:05 -0700
From:     "github-advanced-security[bot]" <notifications@github.com>
Subject:  Re: [wxs-lang/webscout-mcp] fix: exclude live tests from coverage
 report (PR #3)

Body (first 500 chars):
@github-advanced-security[bot] commented on this pull request.



> +            current_loop = asyncio.get_running_loop()
+        except RuntimeError:
+            current_loop = None
+
+        needs_new_client = (
+            self._client is None
+            or self._client.is_closed
+            or self._client_loop is not current_loop
+        )
+
+        if needs_new_client:
+            # Close old client if it exists
+            if self._client and not self._client.i
================================================================================

================================================================================
⚠️  ERROR EMAIL DETECTED
================================================================================
Time:     2026-09-06 22:03:02
Email ID: 1656
Date:     Sat, 29 Aug 2026 10:00:12 -0700
From:     "wxs-lang" <notifications@github.com>
Subject:  [wxs-lang/webscout-mcp] PR run failed: Code Quality - fix: exclude
 live tests from coverage report (cc41314)

Body (first 500 chars):
[wxs-lang/webscout-mcp] Code Quality workflow run

Repository: wxs-lang/webscout-mcp
Workflow: Code Quality
Duration: 2 minutes and 24.0 seconds
Finished: 2026-08-29 16:59:52 UTC

View results: https://github.com/wxs-lang/webscout-mcp/actions/runs/33264348651

Jobs:
  * CodeQL Analysis (python) succeeded (2 annotations)
  * Lint (ruff) failed (3 annotations)
  * Security Scan (bandit) succeeded (1 annotation)
  * Type Check (mypy) succeeded (1 annotation)
  * Quality Summary succee
================================================================================

================================================================================
⚠️  ERROR EMAIL DETECTED
================================================================================
Time:     2026-09-06 22:03:02
Email ID: 1658
Date:     Sat, 29 Aug 2026 10:02:46 -0700
From:     "wxs-lang" <notifications@github.com>
Subject:  [wxs-lang/webscout-mcp] PR run failed: Tests - fix: exclude live
 tests from coverage report (cc41314)

Body (first 500 chars):
[wxs-lang/webscout-mcp] Tests workflow run

Repository: wxs-lang/webscout-mcp
Workflow: Tests
Duration: 4 minutes and 58.0 seconds
Finished: 2026-08-29 17:02:26 UTC

View results: https://github.com/wxs-lang/webscout-mcp/actions/runs/33264348654

Jobs:
  * Unit Tests (Python 3.10) succeeded (1 annotation)
  * MCP E2E Tests succeeded (1 annotation)
  * Integration Tests (Python 3.10) succeeded (1 annotation)
  * Fault Injection Tests succeeded (1 annotation)
  * Integration Tests (P
================================================================================

================================================================================
⚠️  ERROR EMAIL DETECTED
================================================================================
Time:     2026-09-06 22:03:02
Email ID: 1659
Date:     Sat, 29 Aug 2026 10:08:34 -0700
From:     "wxs-lang" <notifications@github.com>
Subject:  [wxs-lang/webscout-mcp] PR run failed: Tests - fix: exclude live
 tests from coverage report (ef7d63d)

Body (first 500 chars):
[wxs-lang/webscout-mcp] Tests workflow run

Repository: wxs-lang/webscout-mcp
Workflow: Tests
Duration: 4 minutes and 53.0 seconds
Finished: 2026-08-29 17:08:14 UTC

View results: https://github.com/wxs-lang/webscout-mcp/actions/runs/33264612064

Jobs:
  * Fault Injection Tests succeeded (1 annotation)
  * MCP E2E Tests succeeded (1 annotation)
  * Integration Tests (Python 3.10) succeeded (1 annotation)
  * Unit Tests (Python 3.10) succeeded (1 annotation)
  * Integration Tests (P
================================================================================

================================================================================
⚠️  ERROR EMAIL DETECTED
================================================================================
Time:     2026-09-06 22:03:03
Email ID: 1660
Date:     Sat, 29 Aug 2026 10:15:00 -0700
From:     "wxs-lang" <notifications@github.com>
Subject:  [wxs-lang/webscout-mcp] Run failed: Tests - main (11746bd)

Body (first 500 chars):
[wxs-lang/webscout-mcp] Tests workflow run

Repository: wxs-lang/webscout-mcp
Workflow: Tests
Duration: 5 minutes and 48.0 seconds
Finished: 2026-08-29 17:14:40 UTC

View results: https://github.com/wxs-lang/webscout-mcp/actions/runs/33264861482

Jobs:
  * Unit Tests (Python 3.11) succeeded (1 annotation)
  * Unit Tests (Python 3.10) succeeded (1 annotation)
  * Fault Injection Tests succeeded (1 annotation)
  * Integration Tests (Python 3.11) succeeded (1 annotation)
  * MCP E2E T
================================================================================

================================================================================
⚠️  ERROR EMAIL DETECTED
================================================================================
Time:     2026-09-06 22:03:03
Email ID: 1664
Date:     Sat, 29 Aug 2026 22:08:08 -0700
From:     "wxs-lang" <notifications@github.com>
Subject:  [wxs-lang/webscout-mcp] Run failed: Live Network Tests - main
 (51030ad)

Body (first 500 chars):
[wxs-lang/webscout-mcp] Live Network Tests workflow run

Repository: wxs-lang/webscout-mcp
Workflow: Live Network Tests
Duration: 1 minute and 56.0 seconds
Finished: 2026-08-30 05:07:47 UTC

View results: https://github.com/wxs-lang/webscout-mcp/actions/runs/33293932617

Jobs:
  * Live Network Tests failed (2 annotations)

-- 
You are receiving this because you are subscribed to this thread.
Manage your GitHub Actions notifications: https://github.com/settings/notifications?email_s
================================================================================

================================================================================
⚠️  ERROR EMAIL DETECTED
================================================================================
Time:     2026-09-06 22:03:03
Email ID: 1665
Date:     Sat, 29 Aug 2026 23:25:13 -0700
From:     "wxs-lang" <notifications@github.com>
Subject:  [wxs-lang/webscout-mcp] PR run failed: Tests - fix: remove
 unrecognized --run-live argument from live tests (ee9ee9a)

Body (first 500 chars):
[wxs-lang/webscout-mcp] Tests workflow run

Repository: wxs-lang/webscout-mcp
Workflow: Tests
Duration: 2 minutes and 23.0 seconds
Finished: 2026-08-30 06:24:52 UTC

View results: https://github.com/wxs-lang/webscout-mcp/actions/runs/33296743561

Jobs:
  * Fault Injection Tests succeeded (1 annotation)
  * Unit Tests (Python 3.11) succeeded (1 annotation)
  * MCP E2E Tests succeeded (1 annotation)
  * Unit Tests (Python 3.10) succeeded (1 annotation)
  * Integration Tests (Python 3
================================================================================

================================================================================
⚠️  ERROR EMAIL DETECTED
================================================================================
Time:     2026-09-06 22:03:03
Email ID: 1666
Date:     Sat, 29 Aug 2026 23:32:07 -0700
From:     "wxs-lang" <notifications@github.com>
Subject:  [wxs-lang/webscout-mcp] PR run failed: Code Quality - fix: remove
 unrecognized --run-live argument from live tests (98ad2b1)

Body (first 500 chars):
[wxs-lang/webscout-mcp] Code Quality workflow run

Repository: wxs-lang/webscout-mcp
Workflow: Code Quality
Duration: 2 minutes and 14.0 seconds
Finished: 2026-08-30 06:31:47 UTC

View results: https://github.com/wxs-lang/webscout-mcp/actions/runs/33297008442

Jobs:
  * Lint (ruff) failed (3 annotations)
  * Type Check (mypy) succeeded (1 annotation)
  * CodeQL Analysis (python) succeeded (2 annotations)
  * Security Scan (bandit) succeeded (1 annotation)
  * Quality Summary succee
================================================================================

================================================================================
⚠️  ERROR EMAIL DETECTED
================================================================================
Time:     2026-09-06 22:03:03
Email ID: 1668
Date:     Sun, 30 Aug 2026 09:55:46 -0700
From:     "github-advanced-security[bot]" <notifications@github.com>
Subject:  Re: [wxs-lang/webscout-mcp] enhance: live fetch uses real WebScout
 Fetcher + forced Bing failure -> DDG fallback test (PR #8)

Body (first 500 chars):
@github-advanced-security[bot] commented on this pull request.



> @@ -143,6 +153,35 @@
             json.dump(self.to_dict(), f, indent=2, ensure_ascii=False)
 
 
+# ============================================================
+# Mock provider for forced failure testing
+# ============================================================
+class AlwaysFailingProvider(SearchProvider):

## CodeQL / Missing call to superclass `__init__` during object initialization

This class does not c
================================================================================

================================================================================
⚠️  ERROR EMAIL DETECTED
================================================================================
Time:     2026-09-06 22:03:04
Email ID: 1669
Date:     Sun, 30 Aug 2026 10:01:51 -0700
From:     "wxs-lang" <notifications@github.com>
Subject:  [wxs-lang/webscout-mcp] Run failed: Live Network Tests - main
 (768a218)

Body (first 500 chars):
[wxs-lang/webscout-mcp] Live Network Tests workflow run

Repository: wxs-lang/webscout-mcp
Workflow: Live Network Tests
Duration: 2 minutes and 12.0 seconds
Finished: 2026-08-30 17:01:31 UTC

View results: https://github.com/wxs-lang/webscout-mcp/actions/runs/33323968106

Jobs:
  * Live Network Tests failed (2 annotations)

-- 
You are receiving this because you are subscribed to this thread.
Manage your GitHub Actions notifications: https://github.com/settings/notifications?email_
================================================================================

================================================================================
⚠️  ERROR EMAIL DETECTED
================================================================================
Time:     2026-09-06 22:03:04
Email ID: 1670
Date:     Sun, 30 Aug 2026 10:19:05 -0700
From:     "wxs-lang" <notifications@github.com>
Subject:  [wxs-lang/webscout-mcp] Run failed: Live Network Tests - main
 (22ba491)

Body (first 500 chars):
[wxs-lang/webscout-mcp] Live Network Tests workflow run

Repository: wxs-lang/webscout-mcp
Workflow: Live Network Tests
Duration: 2 minutes and 18.0 seconds
Finished: 2026-08-30 17:18:44 UTC

View results: https://github.com/wxs-lang/webscout-mcp/actions/runs/33324793946

Jobs:
  * Live Network Tests failed (2 annotations)

-- 
You are receiving this because you are subscribed to this thread.
Manage your GitHub Actions notifications: https://github.com/settings/notifications?email_
================================================================================

================================================================================
⚠️  ERROR EMAIL DETECTED
================================================================================
Time:     2026-09-06 22:03:04
Email ID: 1672
Date:     Sun, 30 Aug 2026 18:10:57 -0700
From:     "wxs-lang" <notifications@github.com>
Subject:  [wxs-lang/webscout-mcp] PR run failed: Tests - fix: split MCP E2E
 into deterministic (required CI) and live (scheduled) tests (69a2b39)

Body (first 500 chars):
[wxs-lang/webscout-mcp] Tests workflow run

Repository: wxs-lang/webscout-mcp
Workflow: Tests
Duration: 2 minutes and 23.0 seconds
Finished: 2026-08-31 01:10:36 UTC

View results: https://github.com/wxs-lang/webscout-mcp/actions/runs/33346652530

Jobs:
  * MCP E2E Tests succeeded (1 annotation)
  * Unit Tests (Python 3.12) failed (2 annotations)
  * Integration Tests (Python 3.11) succeeded (1 annotation)
  * Unit Tests (Python 3.11) failed (2 annotations)
  * Integration Tests (Py
================================================================================

================================================================================
⚠️  ERROR EMAIL DETECTED
================================================================================
Time:     2026-09-06 22:03:04
Email ID: 1673
Date:     Sun, 30 Aug 2026 18:12:13 -0700
From:     "wxs-lang" <notifications@github.com>
Subject:  [wxs-lang/webscout-mcp] PR run failed: Tests - enhance: live test
 now tracks detailed DuckDuckGo fallback metrics (50150f3)

Body (first 500 chars):
[wxs-lang/webscout-mcp] Tests workflow run

Repository: wxs-lang/webscout-mcp
Workflow: Tests
Duration: 2 minutes and 38.0 seconds
Finished: 2026-08-31 01:11:53 UTC

View results: https://github.com/wxs-lang/webscout-mcp/actions/runs/33346706537

Jobs:
  * Integration Tests (Python 3.11) succeeded (1 annotation)
  * Unit Tests (Python 3.12) failed (2 annotations)
  * Integration Tests (Python 3.12) succeeded (1 annotation)
  * Unit Tests (Python 3.11) failed (2 annotations)
  * Uni
================================================================================

================================================================================
⚠️  ERROR EMAIL DETECTED
================================================================================
Time:     2026-09-06 22:03:05
Email ID: 1677
Date:     Mon, 31 Aug 2026 22:49:07 +0800
From:     "NiubiStar Support Team" <market@mcpcnserver.com>
Subject:  A practical visibility plan for webscout mcp

Body (first 500 chars):
Hi wxs-lang,

I am reaching out from NiubiStar, a developer marketing service for open-source, AI, DevTools, SaaS, and infrastructure projects.

We reviewed wxs-lang/webscout-mcp as a public project that may benefit from clearer launch and developer-facing promotion.

For early projects, the goal is usually simple: clarify positioning, choose a few relevant channels, and keep the execution lightweight.

What NiubiStar can help with:

- launch positioning and campaign brief
- English project arti
================================================================================

================================================================================
⚠️  ERROR EMAIL DETECTED
================================================================================
Time:     2026-09-06 22:03:05
Email ID: 1679
Date:     Mon, 31 Aug 2026 19:14:52 -0700
From:     "wxs-lang" <notifications@github.com>
Subject:  [wxs-lang/webscout-mcp] Run failed: MCP Live E2E Tests - main
 (3bd028b)

Body (first 500 chars):
[wxs-lang/webscout-mcp] MCP Live E2E Tests workflow run

Repository: wxs-lang/webscout-mcp
Workflow: MCP Live E2E Tests
Duration: 1 minute and 3.0 seconds
Finished: 2026-09-01 02:14:32 UTC

View results: https://github.com/wxs-lang/webscout-mcp/actions/runs/33461734897

Jobs:
  * MCP Live E2E Tests failed (2 annotations)

-- 
You are receiving this because you are subscribed to this thread.
Manage your GitHub Actions notifications: https://github.com/settings/notifications?email_so
================================================================================

================================================================================
⚠️  ERROR EMAIL DETECTED
================================================================================
Time:     2026-09-06 22:03:05
Email ID: 1680
Date:     Mon, 31 Aug 2026 19:30:49 -0700
From:     "wxs-lang" <notifications@github.com>
Subject:  [wxs-lang/webscout-mcp] Run failed: MCP Live E2E Tests - main
 (3bd028b)

Body (first 500 chars):
[wxs-lang/webscout-mcp] MCP Live E2E Tests workflow run

Repository: wxs-lang/webscout-mcp
Workflow: MCP Live E2E Tests
Duration: 1 minute and 3.0 seconds
Finished: 2026-09-01 02:30:29 UTC

View results: https://github.com/wxs-lang/webscout-mcp/actions/runs/33462725677

Jobs:
  * MCP Live E2E Tests failed (2 annotations)

-- 
You are receiving this because you are subscribed to this thread.
Manage your GitHub Actions notifications: https://github.com/settings/notifications?email_so
================================================================================

================================================================================
⚠️  ERROR EMAIL DETECTED
================================================================================
Time:     2026-09-06 22:03:05
Email ID: 1683
Date:     Tue, 1 Sep 2026 01:16:04 -0700
From:     ngrok team <team@m.ngrok.com>
Subject:  Add rate limits to your ngrok endpoint

Body (first 500 chars):
The quickest way to protect your service is to put a rate limit in front of it with a traffic policy. Here’s a quick experiment to apply rate limiting of 30 requests per second to the /api route..

Hey wxs-lang,

Now that your endpoint is secured with auth, your next headache is usually traffic floods: sometimes real users, sometimes bots, sometimes your own test scripts gone wild.

The quickest way to protect your service is to put a rate limit (https://d2v8tf04.na1.hubspotlinks.com/Ctc/5
================================================================================

================================================================================
⚠️  ERROR EMAIL DETECTED
================================================================================
Time:     2026-09-06 22:03:06
Email ID: 1685
Date:     Tue, 01 Sep 2026 19:09:33 -0700
From:     "wxs-lang" <notifications@github.com>
Subject:  [wxs-lang/webscout-mcp] Run failed: Publish to PyPI - v0.6.0
 (79c71da)

Body (first 500 chars):
[wxs-lang/webscout-mcp] Publish to PyPI workflow run

Repository: wxs-lang/webscout-mcp
Workflow: Publish to PyPI
Duration: 4 minutes and 9.0 seconds
Finished: 2026-09-02 02:09:12 UTC

View results: https://github.com/wxs-lang/webscout-mcp/actions/runs/33581877023

Jobs:
  * Pre-Publish Tests succeeded (1 annotation)
  * Build Package succeeded (1 annotation)
  * Publish to PyPI failed (2 annotations)
  * Post-Publish skipped (0 annotations)

-- 
You are receiving this because yo
================================================================================

================================================================================
⚠️  ERROR EMAIL DETECTED
================================================================================
Time:     2026-09-06 22:03:06
Email ID: 1686
Date:     Tue, 01 Sep 2026 19:13:50 -0700
From:     "wxs-lang" <notifications@github.com>
Subject:  [wxs-lang/webscout-mcp] Run failed: Publish to PyPI - v0.6.0
 (79c71da)

Body (first 500 chars):
[wxs-lang/webscout-mcp] Publish to PyPI workflow run

Repository: wxs-lang/webscout-mcp
Workflow: Publish to PyPI
Duration: 8 minutes and 12.0 seconds
Finished: 2026-09-02 02:13:15 UTC

View results: https://github.com/wxs-lang/webscout-mcp/actions/runs/33581877077

Jobs:
  * Pre-Publish Tests succeeded (1 annotation)
  * Build Package succeeded (1 annotation)
  * Publish to PyPI failed (2 annotations)
  * Post-Publish skipped (0 annotations)

-- 
You are receiving this because y
================================================================================

================================================================================
⚠️  ERROR EMAIL DETECTED
================================================================================
Time:     2026-09-06 22:03:06
Email ID: 1690
Date:     Wed, 02 Sep 2026 19:42:22 -0700
From:     "wxs-lang" <notifications@github.com>
Subject:  [wxs-lang/webscout-mcp] Run failed: Publish to PyPI - v0.6.0
 (668d6ef)

Body (first 500 chars):
[wxs-lang/webscout-mcp] Publish to PyPI workflow run

Repository: wxs-lang/webscout-mcp
Workflow: Publish to PyPI
Duration: 3 minutes and 42.0 seconds
Finished: 2026-09-03 02:42:02 UTC

View results: https://github.com/wxs-lang/webscout-mcp/actions/runs/33708379775

Jobs:
  * Pre-Publish Tests failed (2 annotations)
  * Build Package skipped (0 annotations)
  * Publish to PyPI skipped (0 annotations)
  * Post-Publish skipped (0 annotations)

-- 
You are receiving this because you
================================================================================

================================================================================
⚠️  ERROR EMAIL DETECTED
================================================================================
Time:     2026-09-06 22:03:06
Email ID: 1691
Date:     Wed, 02 Sep 2026 19:55:48 -0700
From:     "wxs-lang" <notifications@github.com>
Subject:  [wxs-lang/webscout-mcp] Run failed: Publish to PyPI - v0.6.0
 (d0adc2c)

Body (first 500 chars):
[wxs-lang/webscout-mcp] Publish to PyPI workflow run

Repository: wxs-lang/webscout-mcp
Workflow: Publish to PyPI
Duration: 4 minutes and 31.0 seconds
Finished: 2026-09-03 02:55:27 UTC

View results: https://github.com/wxs-lang/webscout-mcp/actions/runs/33709168467

Jobs:
  * Pre-Publish Tests succeeded (1 annotation)
  * Build Package succeeded (1 annotation)
  * Publish to PyPI failed (2 annotations)
  * Post-Publish skipped (0 annotations)

-- 
You are receiving this because y
================================================================================

================================================================================
⚠️  ERROR EMAIL DETECTED
================================================================================
Time:     2026-09-06 22:03:06
Email ID: 1692
Date:     Wed, 02 Sep 2026 20:46:57 -0700
From:     "wxs-lang" <notifications@github.com>
Subject:  [wxs-lang/webscout-mcp] PR run failed: Tests - fix: mcp library
 compatibility - use FastMCP (v0.6.2) (349b9d9)

Body (first 500 chars):
[wxs-lang/webscout-mcp] Tests workflow run

Repository: wxs-lang/webscout-mcp
Workflow: Tests
Duration: 5 minutes and 17.0 seconds
Finished: 2026-09-03 03:46:36 UTC

View results: https://github.com/wxs-lang/webscout-mcp/actions/runs/33712258304

Jobs:
  * Fault Injection Tests succeeded (1 annotation)
  * Integration Tests (Python 3.10) succeeded (1 annotation)
  * Unit Tests (Python 3.11) succeeded (1 annotation)
  * Integration Tests (Python 3.11) succeeded (1 annotation)
  * Un
================================================================================

================================================================================
⚠️  ERROR EMAIL DETECTED
================================================================================
Time:     2026-09-06 22:03:07
Email ID: 1693
Date:     Wed, 02 Sep 2026 20:47:31 -0700
From:     "wxs-lang" <notifications@github.com>
Subject:  [wxs-lang/webscout-mcp] Run failed: Publish to PyPI - v0.6.2
 (ca287a5)

Body (first 500 chars):
[wxs-lang/webscout-mcp] Publish to PyPI workflow run

Repository: wxs-lang/webscout-mcp
Workflow: Publish to PyPI
Duration: 5 minutes and 15.0 seconds
Finished: 2026-09-03 03:47:11 UTC

View results: https://github.com/wxs-lang/webscout-mcp/actions/runs/33712296567

Jobs:
  * Pre-Publish Tests failed (2 annotations)
  * Build Package skipped (0 annotations)
  * Publish to PyPI skipped (0 annotations)
  * Post-Publish skipped (0 annotations)

-- 
You are receiving this because you
================================================================================

================================================================================
⚠️  ERROR EMAIL DETECTED
================================================================================
Time:     2026-09-06 22:03:07
Email ID: 1694
Date:     Wed, 02 Sep 2026 20:49:50 -0700
From:     "wxs-lang" <notifications@github.com>
Subject:  [wxs-lang/webscout-mcp] Run failed: Tests - main (ca287a5)

Body (first 500 chars):
[wxs-lang/webscout-mcp] Tests workflow run

Repository: wxs-lang/webscout-mcp
Workflow: Tests
Duration: 7 minutes and 52.0 seconds
Finished: 2026-09-03 03:49:29 UTC

View results: https://github.com/wxs-lang/webscout-mcp/actions/runs/33712276564

Jobs:
  * Unit Tests (Python 3.10) succeeded (1 annotation)
  * Integration Tests (Python 3.11) succeeded (1 annotation)
  * Integration Tests (Python 3.10) succeeded (1 annotation)
  * Fault Injection Tests succeeded (1 annotation)
  * Un
================================================================================

================================================================================
⚠️  ERROR EMAIL DETECTED
================================================================================
Time:     2026-09-06 22:03:07
Email ID: 1695
Date:     Wed, 02 Sep 2026 20:53:24 -0700
From:     "wxs-lang" <notifications@github.com>
Subject:  [wxs-lang/webscout-mcp] Run failed: Automated Release - main
 (b390cda)

Body (first 500 chars):
[wxs-lang/webscout-mcp] Automated Release workflow run

Repository: wxs-lang/webscout-mcp
Workflow: Automated Release
Duration: 2 minutes and 37.0 seconds
Finished: 2026-09-03 03:53:04 UTC

View results: https://github.com/wxs-lang/webscout-mcp/actions/runs/33712826345

Jobs:
  * Check if release is needed succeeded (1 annotation)
  * Quality Gate (verify required checks) failed (1 annotation)
  * Create Release skipped (0 annotations)

-- 
You are receiving this because you are s
================================================================================

================================================================================
⚠️  ERROR EMAIL DETECTED
================================================================================
Time:     2026-09-06 22:03:07
Email ID: 1696
Date:     Wed, 02 Sep 2026 20:54:42 -0700
From:     "wxs-lang" <notifications@github.com>
Subject:  [wxs-lang/webscout-mcp] Run failed: Publish to PyPI - v0.6.2
 (b390cda)

Body (first 500 chars):
[wxs-lang/webscout-mcp] Publish to PyPI workflow run

Repository: wxs-lang/webscout-mcp
Workflow: Publish to PyPI
Duration: 3 minutes and 37.0 seconds
Finished: 2026-09-03 03:54:22 UTC

View results: https://github.com/wxs-lang/webscout-mcp/actions/runs/33712845282

Jobs:
  * Pre-Publish Tests failed (2 annotations)
  * Build Package skipped (0 annotations)
  * Publish to PyPI skipped (0 annotations)
  * Post-Publish skipped (0 annotations)

-- 
You are receiving this because you
================================================================================

================================================================================
⚠️  ERROR EMAIL DETECTED
================================================================================
Time:     2026-09-06 22:03:07
Email ID: 1697
Date:     Wed, 02 Sep 2026 20:56:51 -0700
From:     "wxs-lang" <notifications@github.com>
Subject:  [wxs-lang/webscout-mcp] Run failed: Tests - main (b390cda)

Body (first 500 chars):
[wxs-lang/webscout-mcp] Tests workflow run

Repository: wxs-lang/webscout-mcp
Workflow: Tests
Duration: 6 minutes and 4.0 seconds
Finished: 2026-09-03 03:56:31 UTC

View results: https://github.com/wxs-lang/webscout-mcp/actions/runs/33712826334

Jobs:
  * Fault Injection Tests succeeded (1 annotation)
  * Integration Tests (Python 3.10) succeeded (1 annotation)
  * MCP E2E Tests failed (2 annotations)
  * Integration Tests (Python 3.11) succeeded (1 annotation)
  * Unit Tests (Pyth
================================================================================

================================================================================
⚠️  ERROR EMAIL DETECTED
================================================================================
Time:     2026-09-06 22:03:07
Email ID: 1698
Date:     Wed, 02 Sep 2026 21:05:01 -0700
From:     "wxs-lang" <notifications@github.com>
Subject:  [wxs-lang/webscout-mcp] Run failed: Publish to PyPI - v0.6.2
 (b390cda)

Body (first 500 chars):
[wxs-lang/webscout-mcp] Publish to PyPI workflow run

Repository: wxs-lang/webscout-mcp
Workflow: Publish to PyPI
Duration: 3 minutes and 6.0 seconds
Finished: 2026-09-03 04:04:41 UTC

View results: https://github.com/wxs-lang/webscout-mcp/actions/runs/33713512900

Jobs:
  * Pre-Publish Tests failed (2 annotations)
  * Build Package skipped (0 annotations)
  * Publish to PyPI skipped (0 annotations)
  * Post-Publish skipped (0 annotations)

-- 
You are receiving this because you 
================================================================================

================================================================================
⚠️  ERROR EMAIL DETECTED
================================================================================
Time:     2026-09-06 22:03:08
Email ID: 1700
Date:     Thu, 03 Sep 2026 12:15:59 -0700
From:     GitHub <noreply@github.com>
Subject:  [ACTION REQUIRED] Your GitHub account, wxs-lang, will soon require
 2FA

Body (first 500 chars):
<p>
  Hey wxs-lang!
</p>

<p>

<p>
  We're reaching out to let you know that, as announced last year, we have officially begun requiring users who
  contribute code on GitHub.com to have two-factor authentication (2FA) enabled.
</p>

<p>
  Your account meets this criteria, and you will need to enroll in 2FA within 45 days, by October 18th, 2026 at 00:00 (UTC). After this
  date, your access to GitHub.com will be limited until you enroll in 2FA. Enrolling is easy, and we support seve
================================================================================

================================================================================
⚠️  ERROR EMAIL DETECTED
================================================================================
Time:     2026-09-06 22:03:08
Email ID: 1702
Date:     Thu, 03 Sep 2026 18:54:27 -0700
From:     "wxs-lang" <notifications@github.com>
Subject:  [wxs-lang/webscout-mcp] Run failed: Publish to PyPI - v0.6.3
 (574535d)

Body (first 500 chars):
[wxs-lang/webscout-mcp] Publish to PyPI workflow run

Repository: wxs-lang/webscout-mcp
Workflow: Publish to PyPI
Duration: 4 minutes and 18.0 seconds
Finished: 2026-09-04 01:54:07 UTC

View results: https://github.com/wxs-lang/webscout-mcp/actions/runs/33827231120

Jobs:
  * Pre-Publish Tests failed (2 annotations)
  * Publish to PyPI skipped (0 annotations)
  * Build Package skipped (0 annotations)
  * Post-Publish skipped (0 annotations)

-- 
You are receiving this because you
================================================================================

================================================================================
⚠️  ERROR EMAIL DETECTED
================================================================================
Time:     2026-09-06 22:03:08
Email ID: 1703
Date:     Thu, 03 Sep 2026 18:55:05 -0700
From:     "wxs-lang" <notifications@github.com>
Subject:  [wxs-lang/webscout-mcp] PR run failed: Tests - fix: MCP E2E test
 attribute names for mcp 1.x camelCase (v0.6.3) (28f8db8)

Body (first 500 chars):
[wxs-lang/webscout-mcp] Tests workflow run

Repository: wxs-lang/webscout-mcp
Workflow: Tests
Duration: 5 minutes and 25.0 seconds
Finished: 2026-09-04 01:54:45 UTC

View results: https://github.com/wxs-lang/webscout-mcp/actions/runs/33827200195

Jobs:
  * MCP E2E Tests failed (2 annotations)
  * Unit Tests (Python 3.10) succeeded (1 annotation)
  * Unit Tests (Python 3.12) succeeded (1 annotation)
  * Fault Injection Tests succeeded (1 annotation)
  * Integration Tests (Python 3.1
================================================================================

================================================================================
⚠️  ERROR EMAIL DETECTED
================================================================================
Time:     2026-09-06 22:03:08
Email ID: 1704
Date:     Thu, 03 Sep 2026 18:57:55 -0700
From:     "wxs-lang" <notifications@github.com>
Subject:  [wxs-lang/webscout-mcp] Run failed: Tests - main (574535d)

Body (first 500 chars):
[wxs-lang/webscout-mcp] Tests workflow run

Repository: wxs-lang/webscout-mcp
Workflow: Tests
Duration: 8 minutes and 14.0 seconds
Finished: 2026-09-04 01:57:35 UTC

View results: https://github.com/wxs-lang/webscout-mcp/actions/runs/33827201889

Jobs:
  * MCP E2E Tests failed (2 annotations)
  * Fault Injection Tests succeeded (1 annotation)
  * Integration Tests (Python 3.12) succeeded (1 annotation)
  * Unit Tests (Python 3.11) succeeded (1 annotation)
  * Unit Tests (Python 3.1
================================================================================

================================================================================
⚠️  ERROR EMAIL DETECTED
================================================================================
Time:     2026-09-06 22:03:08
Email ID: 1705
Date:     Thu, 03 Sep 2026 19:01:58 -0700
From:     "wxs-lang" <notifications@github.com>
Subject:  [wxs-lang/webscout-mcp] Run failed: Automated Release - main
 (e3a29a2)

Body (first 500 chars):
[wxs-lang/webscout-mcp] Automated Release workflow run

Repository: wxs-lang/webscout-mcp
Workflow: Automated Release
Duration: 3 minutes and 1.0 second
Finished: 2026-09-04 02:01:38 UTC

View results: https://github.com/wxs-lang/webscout-mcp/actions/runs/33827771370

Jobs:
  * Check if release is needed succeeded (1 annotation)
  * Quality Gate (verify required checks) succeeded (0 annotations)
  * Create Release failed (2 annotations)

-- 
You are receiving this because you are 
================================================================================

================================================================================
⚠️  ERROR EMAIL DETECTED
================================================================================
Time:     2026-09-06 22:03:08
Email ID: 1706
Date:     Fri, 04 Sep 2026 10:54:27 -0700
From:     GitHub <noreply@github.com>
Subject:  [GitHub] A third-party OAuth application has been added to your
 account

Body (first 500 chars):
Hey wxs-lang!

A third-party OAuth application (Z.ai) with user:email scopes was recently authorized to access your account.
Visit https://github.com/settings/connections/applications/Ov23liW012MANTRJyBXb for more information.

To see this and other security events for your account, visit https://github.com/settings/security-log

If you run into problems, please contact support by visiting https://github.com/contact

Thanks,
The GitHub Team


================================================================================

================================================================================
⚠️  ERROR EMAIL DETECTED
================================================================================
Time:     2026-09-06 22:03:09
Email ID: 1709
Date:     Fri, 04 Sep 2026 22:11:07 -0700
From:     GitHub <noreply@github.com>
Subject:  [GitHub] A third-party OAuth application has been added to your
 account

Body (first 500 chars):
Hey wxs-lang!

A third-party OAuth application (Experiential platform) with user:email scopes was recently authorized to access your account.
Visit https://github.com/settings/connections/applications/Ov23li6D4axgbDnIoURn for more information.

To see this and other security events for your account, visit https://github.com/settings/security-log

If you run into problems, please contact support by visiting https://github.com/contact

Thanks,
The GitHub Team


================================================================================

================================================================================
⚠️  ERROR EMAIL DETECTED
================================================================================
Time:     2026-09-06 22:03:10
Email ID: 1721
Date:     Sun, 06 Sep 2026 01:32:19 -0700
From:     GitHub <noreply@github.com>
Subject:  [GitHub] A first-party GitHub OAuth application has been added to
 your account

Body (first 500 chars):
Hey wxs-lang!

A first-party GitHub OAuth application (Git Credential Manager) with gist, repo, and workflow scopes was recently authorized to access your account.
Visit https://github.com/settings/connections/applications/0120e057bd645470c1ed for more information.

To see this and other security events for your account, visit https://github.com/settings/security-log

If you run into problems, please contact support by visiting https://github.com/contact

Thanks,
The GitHub Team


================================================================================

================================================================================
⚠️  ERROR EMAIL DETECTED
================================================================================
Time:     2026-09-06 22:03:10
Email ID: 1722
Date:     Sun, 06 Sep 2026 01:35:28 -0700
From:     GitHub <noreply@github.com>
Subject:  [GitHub] Please download your two-factor recovery codes

Body (first 500 chars):
Hey wxs-lang!

You’ve just enabled two-factor authentication.

Please take a moment to check that you have saved your recovery codes in a safe place. You can
download your recovery codes at:

https://github.com/settings/auth/recovery-codes

Recovery codes are the only way to access your account again. By saving your
recovery codes, you’ll be able to regain access if you:

* Lose your phone
* Delete your authenticator app
* Change your phone number

GitHub Support will not be able
================================================================================

================================================================================
⚠️  ERROR EMAIL DETECTED
================================================================================
Time:     2026-09-06 22:03:10
Email ID: 1723
Date:     Sun, 06 Sep 2026 02:07:52 -0700
From:     "wxs-lang" <notifications@github.com>
Subject:  [wxs-lang/webscout-mcp] Run failed: Code Quality - main (0ed342b)

Body (first 500 chars):
[wxs-lang/webscout-mcp] Code Quality workflow run

Repository: wxs-lang/webscout-mcp
Workflow: Code Quality
Duration: 2 minutes and 24.0 seconds
Finished: 2026-09-06 09:07:32 UTC

View results: https://github.com/wxs-lang/webscout-mcp/actions/runs/34023641145

Jobs:
  * Security Scan (bandit) succeeded (1 annotation)
  * CodeQL Analysis (python) succeeded (2 annotations)
  * Lint (ruff) failed (4 annotations)
  * Type Check (mypy) succeeded (1 annotation)
  * Quality Summary succee
================================================================================

================================================================================
⚠️  ERROR EMAIL DETECTED
================================================================================
Time:     2026-09-06 22:03:11
Email ID: 1724
Date:     Sun, 06 Sep 2026 02:10:54 -0700
From:     "wxs-lang" <notifications@github.com>
Subject:  [wxs-lang/webscout-mcp] Run failed: Tests - main (0ed342b)

Body (first 500 chars):
[wxs-lang/webscout-mcp] Tests workflow run

Repository: wxs-lang/webscout-mcp
Workflow: Tests
Duration: 5 minutes and 26.0 seconds
Finished: 2026-09-06 09:10:34 UTC

View results: https://github.com/wxs-lang/webscout-mcp/actions/runs/34023641095

Jobs:
  * Fault Injection Tests succeeded (1 annotation)
  * Integration Tests (Python 3.10) succeeded (1 annotation)
  * MCP E2E Tests succeeded (1 annotation)
  * Unit Tests (Python 3.10) succeeded (1 annotation)
  * Unit Tests (Python 3
================================================================================

================================================================================
⚠️  ERROR EMAIL DETECTED
================================================================================
Time:     2026-09-06 22:03:11
Email ID: 1725
Date:     Sun, 06 Sep 2026 02:26:41 -0700
From:     "wxs-lang" <notifications@github.com>
Subject:  [wxs-lang/webscout-mcp] Run failed: Code Quality - main (521bbc2)

Body (first 500 chars):
[wxs-lang/webscout-mcp] Code Quality workflow run

Repository: wxs-lang/webscout-mcp
Workflow: Code Quality
Duration: 2 minutes and 51.0 seconds
Finished: 2026-09-06 09:26:20 UTC

View results: https://github.com/wxs-lang/webscout-mcp/actions/runs/34024516555

Jobs:
  * Security Scan (bandit) succeeded (1 annotation)
  * Type Check (mypy) succeeded (1 annotation)
  * Lint (ruff) failed (3 annotations)
  * CodeQL Analysis (python) succeeded (2 annotations)
  * Quality Summary succee
================================================================================

================================================================================
⚠️  ERROR EMAIL DETECTED
================================================================================
Time:     2026-09-06 22:03:11
Email ID: 1726
Date:     Sun, 06 Sep 2026 02:28:59 -0700
From:     "wxs-lang" <notifications@github.com>
Subject:  [wxs-lang/webscout-mcp] Run failed: Tests - main (521bbc2)

Body (first 500 chars):
[wxs-lang/webscout-mcp] Tests workflow run

Repository: wxs-lang/webscout-mcp
Workflow: Tests
Duration: 5 minutes and 10.0 seconds
Finished: 2026-09-06 09:28:39 UTC

View results: https://github.com/wxs-lang/webscout-mcp/actions/runs/34024516408

Jobs:
  * MCP E2E Tests succeeded (1 annotation)
  * Integration Tests (Python 3.11) succeeded (1 annotation)
  * Unit Tests (Python 3.10) succeeded (1 annotation)
  * Integration Tests (Python 3.10) succeeded (1 annotation)
  * Fault Inje
================================================================================

================================================================================
⚠️  ERROR EMAIL DETECTED
================================================================================
Time:     2026-09-06 22:03:11
Email ID: 1727
Date:     Sun, 06 Sep 2026 02:32:58 -0700
From:     "wxs-lang" <notifications@github.com>
Subject:  [wxs-lang/webscout-mcp] Run failed: Automated Release - main
 (a5ec283)

Body (first 500 chars):
[wxs-lang/webscout-mcp] Automated Release workflow run

Repository: wxs-lang/webscout-mcp
Workflow: Automated Release
Duration: 1 minute and 12.0 seconds
Finished: 2026-09-06 09:32:38 UTC

View results: https://github.com/wxs-lang/webscout-mcp/actions/runs/34024891675

Jobs:
  * Check if release is needed succeeded (1 annotation)
  * Quality Gate (verify required checks) failed (1 annotation)
  * Create Release skipped (0 annotations)

-- 
You are receiving this because you are su
================================================================================

================================================================================
⚠️  ERROR EMAIL DETECTED
================================================================================
Time:     2026-09-06 22:03:11
Email ID: 1728
Date:     Sun, 06 Sep 2026 02:37:54 -0700
From:     "wxs-lang" <notifications@github.com>
Subject:  [wxs-lang/webscout-mcp] Run failed: Code Quality - main (a5ec283)

Body (first 500 chars):
[wxs-lang/webscout-mcp] Code Quality workflow run

Repository: wxs-lang/webscout-mcp
Workflow: Code Quality
Duration: 6 minutes and 7.0 seconds
Finished: 2026-09-06 09:37:33 UTC

View results: https://github.com/wxs-lang/webscout-mcp/actions/runs/34024891655

Jobs:
  * CodeQL Analysis (python) succeeded (2 annotations)
  * Security Scan (bandit) succeeded (1 annotation)
  * Type Check (mypy) succeeded (1 annotation)
  * Lint (ruff) failed (3 annotations)
  * Quality Summary succeed
================================================================================

================================================================================
⚠️  ERROR EMAIL DETECTED
================================================================================
Time:     2026-09-06 22:03:11
Email ID: 1729
Date:     Sun, 06 Sep 2026 02:49:36 -0700
From:     "wxs-lang" <notifications@github.com>
Subject:  [wxs-lang/webscout-mcp] Run failed: Code Quality - main (3e709ad)

Body (first 500 chars):
[wxs-lang/webscout-mcp] Code Quality workflow run

Repository: wxs-lang/webscout-mcp
Workflow: Code Quality
Duration: 4 minutes and 23.0 seconds
Finished: 2026-09-06 09:49:16 UTC

View results: https://github.com/wxs-lang/webscout-mcp/actions/runs/34025511543

Jobs:
  * CodeQL Analysis (python) succeeded (2 annotations)
  * Type Check (mypy) succeeded (1 annotation)
  * Security Scan (bandit) succeeded (1 annotation)
  * Lint (ruff) failed (3 annotations)
  * Quality Summary succee
================================================================================

================================================================================
⚠️  ERROR EMAIL DETECTED
================================================================================
Time:     2026-09-06 22:03:12
Email ID: 1730
Date:     Sun, 06 Sep 2026 02:53:13 -0700
From:     "wxs-lang" <notifications@github.com>
Subject:  [wxs-lang/webscout-mcp] Run failed: Tests - main (3e709ad)

Body (first 500 chars):
[wxs-lang/webscout-mcp] Tests workflow run

Repository: wxs-lang/webscout-mcp
Workflow: Tests
Duration: 8 minutes
Finished: 2026-09-06 09:52:53 UTC

View results: https://github.com/wxs-lang/webscout-mcp/actions/runs/34025511524

Jobs:
  * Fault Injection Tests succeeded (1 annotation)
  * Unit Tests (Python 3.12) succeeded (1 annotation)
  * MCP E2E Tests succeeded (1 annotation)
  * Integration Tests (Python 3.10) succeeded (1 annotation)
  * Unit Tests (Python 3.10) succeeded (1
================================================================================

================================================================================
⚠️  ERROR EMAIL DETECTED
================================================================================
Time:     2026-09-06 22:03:12
Email ID: 1731
Date:     Sun, 06 Sep 2026 03:17:51 -0700
From:     "wxs-lang" <notifications@github.com>
Subject:  [wxs-lang/webscout-mcp] Run failed: Automated Release - main
 (df5e5b4)

Body (first 500 chars):
[wxs-lang/webscout-mcp] Automated Release workflow run

Repository: wxs-lang/webscout-mcp
Workflow: Automated Release
Duration: 1 minute
Finished: 2026-09-06 10:17:31 UTC

View results: https://github.com/wxs-lang/webscout-mcp/actions/runs/34026965119

Jobs:
  * Check if release is needed succeeded (1 annotation)
  * Quality Gate (verify required checks) failed (1 annotation)
  * Create Release skipped (0 annotations)

-- 
You are receiving this because you are subscribed to this 
================================================================================

================================================================================
⚠️  ERROR EMAIL DETECTED
================================================================================
Time:     2026-09-06 22:03:12
Email ID: 1732
Date:     Sun, 06 Sep 2026 03:19:51 -0700
From:     "wxs-lang" <notifications@github.com>
Subject:  [wxs-lang/webscout-mcp] Run failed: Code Quality - main (df5e5b4)

Body (first 500 chars):
[wxs-lang/webscout-mcp] Code Quality workflow run

Repository: wxs-lang/webscout-mcp
Workflow: Code Quality
Duration: 3 minutes
Finished: 2026-09-06 10:19:31 UTC

View results: https://github.com/wxs-lang/webscout-mcp/actions/runs/34026965130

Jobs:
  * Security Scan (bandit) succeeded (1 annotation)
  * CodeQL Analysis (python) succeeded (2 annotations)
  * Type Check (mypy) succeeded (1 annotation)
  * Lint (ruff) failed (3 annotations)
  * Quality Summary succeeded (0 annotation
================================================================================

================================================================================
⚠️  ERROR EMAIL DETECTED
================================================================================
Time:     2026-09-06 22:03:12
Email ID: 1733
Date:     Sun, 06 Sep 2026 03:25:34 -0700
From:     "wxs-lang" <notifications@github.com>
Subject:  [wxs-lang/webscout-mcp] Run failed: Tests - main (df5e5b4)

Body (first 500 chars):
[wxs-lang/webscout-mcp] Tests workflow run

Repository: wxs-lang/webscout-mcp
Workflow: Tests
Duration: 8 minutes and 43.0 seconds
Finished: 2026-09-06 10:25:14 UTC

View results: https://github.com/wxs-lang/webscout-mcp/actions/runs/34026965153

Jobs:
  * Unit Tests (Python 3.12) succeeded (1 annotation)
  * Unit Tests (Python 3.10) succeeded (1 annotation)
  * Unit Tests (Python 3.11) succeeded (1 annotation)
  * Integration Tests (Python 3.10) succeeded (1 annotation)
  * Integr
================================================================================

================================================================================
⚠️  ERROR EMAIL DETECTED
================================================================================
Time:     2026-09-06 22:03:12
Email ID: 1734
Date:     Sun, 06 Sep 2026 03:32:27 -0700
From:     "wxs-lang" <notifications@github.com>
Subject:  [wxs-lang/webscout-mcp] Run failed: Automated Release - main
 (ebf3cb8)

Body (first 500 chars):
[wxs-lang/webscout-mcp] Automated Release workflow run

Repository: wxs-lang/webscout-mcp
Workflow: Automated Release
Duration: 2 minutes and 45.0 seconds
Finished: 2026-09-06 10:32:07 UTC

View results: https://github.com/wxs-lang/webscout-mcp/actions/runs/34027555865

Jobs:
  * Check if release is needed succeeded (1 annotation)
  * Quality Gate (verify required checks) succeeded (0 annotations)
  * Create Release failed (2 annotations)

-- 
You are receiving this because you ar
================================================================================

================================================================================
⚠️  ERROR EMAIL DETECTED
================================================================================
Time:     2026-09-06 22:03:12
Email ID: 1735
Date:     Sun, 06 Sep 2026 03:35:14 -0700
From:     "wxs-lang" <notifications@github.com>
Subject:  [wxs-lang/webscout-mcp] Run failed: Tests - main (ebf3cb8)

Body (first 500 chars):
[wxs-lang/webscout-mcp] Tests workflow run

Repository: wxs-lang/webscout-mcp
Workflow: Tests
Duration: 5 minutes and 31.0 seconds
Finished: 2026-09-06 10:34:53 UTC

View results: https://github.com/wxs-lang/webscout-mcp/actions/runs/34027555860

Jobs:
  * Unit Tests (Python 3.12) succeeded (1 annotation)
  * Integration Tests (Python 3.11) succeeded (1 annotation)
  * Integration Tests (Python 3.10) succeeded (1 annotation)
  * Fault Injection Tests succeeded (1 annotation)
  * Un
================================================================================

================================================================================
⚠️  ERROR EMAIL DETECTED
================================================================================
Time:     2026-09-06 22:03:12
Email ID: 1736
Date:     Sun, 06 Sep 2026 05:12:06 -0700
From:     "wxs-lang" <notifications@github.com>
Subject:  [wxs-lang/webscout-mcp] Run failed: Automated Release - main
 (9ff3bdc)

Body (first 500 chars):
[wxs-lang/webscout-mcp] Automated Release workflow run

Repository: wxs-lang/webscout-mcp
Workflow: Automated Release
Duration: 3 minutes and 7.0 seconds
Finished: 2026-09-06 12:11:46 UTC

View results: https://github.com/wxs-lang/webscout-mcp/actions/runs/34032235313

Jobs:
  * Check if release is needed succeeded (1 annotation)
  * Quality Gate (verify required checks) succeeded (0 annotations)
  * Create Release failed (2 annotations)

-- 
You are receiving this because you are
================================================================================

================================================================================
⚠️  ERROR EMAIL DETECTED
================================================================================
Time:     2026-09-06 22:03:13
Email ID: 1737
Date:     Sun, 06 Sep 2026 06:40:38 -0700
From:     "wxs-lang" <notifications@github.com>
Subject:  [wxs-lang/webscout-mcp] Run failed: Tests - main (356e738)

Body (first 500 chars):
[wxs-lang/webscout-mcp] Tests workflow run

Repository: wxs-lang/webscout-mcp
Workflow: Tests
Duration: 2 minutes and 44.0 seconds
Finished: 2026-09-06 13:40:18 UTC

View results: https://github.com/wxs-lang/webscout-mcp/actions/runs/34036661945

Jobs:
  * Fault Injection Tests succeeded (1 annotation)
  * Integration Tests (Python 3.10) succeeded (1 annotation)
  * MCP E2E Tests succeeded (1 annotation)
  * Unit Tests (Python 3.12) failed (2 annotations)
  * Integration Tests (Pyt
================================================================================

================================================================================
⚠️  ERROR EMAIL DETECTED
================================================================================
Time:     2026-09-06 22:03:13
Email ID: 1738
Date:     Sun, 06 Sep 2026 06:41:03 -0700
From:     "wxs-lang" <notifications@github.com>
Subject:  [wxs-lang/webscout-mcp] Run failed: Publish to PyPI - v1.0.5
 (356e738)

Body (first 500 chars):
[wxs-lang/webscout-mcp] Publish to PyPI workflow run

Repository: wxs-lang/webscout-mcp
Workflow: Publish to PyPI
Duration: 3 minutes and 3.0 seconds
Finished: 2026-09-06 13:40:43 UTC

View results: https://github.com/wxs-lang/webscout-mcp/actions/runs/34036667613

Jobs:
  * Pre-Publish Tests failed (2 annotations)
  * Build Package skipped (0 annotations)
  * Post-Publish skipped (0 annotations)
  * Publish to PyPI skipped (0 annotations)

-- 
You are receiving this because you 
================================================================================

================================================================================
⚠️  ERROR EMAIL DETECTED
================================================================================
Time:     2026-09-06 23:03:44
Email ID: 1418
Date:     Wed, 08 Jul 2026 00:11:09 -0700
From:     GitHub <noreply@github.com>
Subject:  [GitHub] A third-party OAuth application has been added to your
 account

Body (first 500 chars):
Hey wxs-lang!

A third-party OAuth application (ngrok.com) with user:email scopes was recently authorized to access your account.
Visit https://github.com/settings/connections/applications/e3ab4045e762cd114437 for more information.

To see this and other security events for your account, visit https://github.com/settings/security-log

If you run into problems, please contact support by visiting https://github.com/contact

Thanks,
The GitHub Team


================================================================================

================================================================================
⚠️  ERROR EMAIL DETECTED
================================================================================
Time:     2026-09-06 23:03:45
Email ID: 1423
Date:     Sat, 11 Jul 2026 08:14:02 -0700
From:     GitHub <noreply@github.com>
Subject:  [GitHub] A fine-grained personal access token has been added to your
 account

Body (first 500 chars):
Hey wxs-lang!

A fine-grained personal access token (codex专用) was recently added to your account. Visit https://github.com/settings/personal-access-tokens/16863122 for more information.
To see this and other security events for your account, visit https://github.com/settings/security-log

If you run into problems, please contact support by visiting https://github.com/contact

Thanks,
The GitHub Team


================================================================================

================================================================================
⚠️  ERROR EMAIL DETECTED
================================================================================
Time:     2026-09-06 23:03:49
Email ID: 1447
Date:     Sun, 26 Jul 2026 00:45:50 -0700
From:     ngrok team <team@m.ngrok.com>
Subject:  Hey wxs-lang, your endpoint is open

Body (first 500 chars):
Hey wxs-lang,

We noticed you configured your first endpoint, congrats!

You may not want everyone to be able to access your app/service. Right now, anyone with the URL can hit your endpoint. Let’s fix that in under 5 minutes by adding OAuth authentication with ngrok's Traffic Policy (https://d2v8tf04.na1.hubspotlinks.com/Ctc/5F+113/d2v8tf04/VVrt0m8hb0j0W1QM7_s29CJq7W8DFYQL5RYngrN50kgPl3pyd0W7Y8-PT6lZ3mMW9bN6V03qk-VyW17DmKF5C64kfW2km8JL8Ykp11W8cWZ-x4pl3KPW3gY60H37sH3CN79qy7vJ_R0kN7D82m2PMccw
================================================================================

================================================================================
⚠️  ERROR EMAIL DETECTED
================================================================================
Time:     2026-09-06 23:03:50
Email ID: 1455
Date:     Fri, 31 Jul 2026 02:56:40 -0700
From:     GitHub <noreply@github.com>
Subject:  [GitHub] Please verify your device

Body (first 500 chars):
Hey wxs-lang!

A sign in attempt requires further verification because we did not recognize your device. To complete the sign in, enter the verification code on the unrecognized device.

Device: QQ Browser on Windows
Verification code: 420302

If you did not attempt to sign in to your account, your password may be compromised. Visit https://github.com/settings/security to create a new, strong password for your GitHub account.

If you'd like to automatically verify devices in the future,
================================================================================

================================================================================
⚠️  ERROR EMAIL DETECTED
================================================================================
Time:     2026-09-06 23:03:50
Email ID: 1460
Date:     Sun, 02 Aug 2026 23:25:44 -0700
From:     GitHub <noreply@github.com>
Subject:  [GitHub] A third-party OAuth application has been added to your
 account

Body (first 500 chars):
Hey wxs-lang!

A third-party OAuth application (Cloudflare) with user:email scopes was recently authorized to access your account.
Visit https://github.com/settings/connections/applications/Ov23liL24uoNpZpeuEsq for more information.

To see this and other security events for your account, visit https://github.com/settings/security-log

If you run into problems, please contact support by visiting https://github.com/contact

Thanks,
The GitHub Team


================================================================================

================================================================================
⚠️  ERROR EMAIL DETECTED
================================================================================
Time:     2026-09-06 23:03:51
Email ID: 1461
Date:     Mon, 03 Aug 2026 09:12:09 -0700
From:     GitHub <noreply@github.com>
Subject:  [GitHub] Your fine-grained personal access token is about to expire

Body (first 500 chars):
Hi wxs-lang,

We noticed your fine-grained personal access token "codex专用", will expire in 7 days.

If this token is still needed, visit https://github.com/settings/personal-access-tokens/16863122/regenerate to generate an equivalent.

If you run into problems, please contact support by visiting https://github.com/contact

Thanks,
The GitHub Team

================================================================================

================================================================================
⚠️  ERROR EMAIL DETECTED
================================================================================
Time:     2026-09-06 23:03:52
Email ID: 1475
Date:     Sat, 08 Aug 2026 19:30:21 -0700
From:     GitHub <noreply@github.com>
Subject:  [GitHub] A third-party OAuth application has been added to your
 account

Body (first 500 chars):
Hey wxs-lang!

A third-party OAuth application (AgentRouter) with user:email scopes was recently authorized to access your account.
Visit https://github.com/settings/connections/applications/Ov23lidtiR4LeVZvVRNL for more information.

To see this and other security events for your account, visit https://github.com/settings/security-log

If you run into problems, please contact support by visiting https://github.com/contact

Thanks,
The GitHub Team


================================================================================

================================================================================
⚠️  ERROR EMAIL DETECTED
================================================================================
Time:     2026-09-06 23:03:52
Email ID: 1476
Date:     Sat, 08 Aug 2026 19:36:00 -0700
From:     GitHub <noreply@github.com>
Subject:  [GitHub] A third-party OAuth application has been added to your
 account

Body (first 500 chars):
Hey wxs-lang!

A third-party OAuth application (LINUX DO) with user:email scopes was recently authorized to access your account.
Visit https://github.com/settings/connections/applications/Ov23liebLXAqEjQIkgJ7 for more information.

To see this and other security events for your account, visit https://github.com/settings/security-log

If you run into problems, please contact support by visiting https://github.com/contact

Thanks,
The GitHub Team


================================================================================

================================================================================
⚠️  ERROR EMAIL DETECTED
================================================================================
Time:     2026-09-06 23:03:52
Email ID: 1479
Date:     Sun, 09 Aug 2026 10:11:43 -0700
From:     GitHub <noreply@github.com>
Subject:  [GitHub] Your fine-grained personal access token is about to expire

Body (first 500 chars):
Hi wxs-lang,

We noticed your fine-grained personal access token "codex专用", will expire in 1 day.

If this token is still needed, visit https://github.com/settings/personal-access-tokens/16863122/regenerate to generate an equivalent.

If you run into problems, please contact support by visiting https://github.com/contact

Thanks,
The GitHub Team

================================================================================

================================================================================
⚠️  ERROR EMAIL DETECTED
================================================================================
Time:     2026-09-06 23:03:53
Email ID: 1481
Date:     Mon, 10 Aug 2026 13:10:50 -0700
From:     GitHub <noreply@github.com>
Subject:  [GitHub] Your fine-grained personal access token has expired

Body (first 500 chars):
Hey wxs-lang,

Your fine-grained personal access token "codex专用", has expired.

If this token is still needed, visit https://github.com/settings/personal-access-tokens/16863122/regenerate to generate an equivalent.

If you run into problems, please contact support by visiting https://github.com/contact

Thanks,
The GitHub Team

================================================================================

================================================================================
⚠️  ERROR EMAIL DETECTED
================================================================================
Time:     2026-09-06 23:03:56
Email ID: 1517
Date:     Wed, 26 Aug 2026 00:51:03 -0700
From:     GitHub <noreply@github.com>
Subject:  [GitHub] A third-party OAuth application has been added to your
 account

Body (first 500 chars):
Hey wxs-lang!

A third-party OAuth application (doubao-work-connector) with codespace, gist, notifications, project, read:org, read:user, repo, user:email, workflow, and write:packages scopes was recently authorized to access your account.
Visit https://github.com/settings/connections/applications/Ov23liTmdO7pYKMnSi7b for more information.

To see this and other security events for your account, visit https://github.com/settings/security-log

If you run into problems, please contact suppo
================================================================================

================================================================================
⚠️  ERROR EMAIL DETECTED
================================================================================
Time:     2026-09-06 23:03:57
Email ID: 1526
Date:     Wed, 26 Aug 2026 03:36:00 -0700
From:     "wxs-lang" <notifications@github.com>
Subject:  [wxs-lang/webscout-mcp] Run failed: Tests - main (296d996)

Body (first 500 chars):
[wxs-lang/webscout-mcp] Tests workflow run

Repository: wxs-lang/webscout-mcp
Workflow: Tests
Duration: 32.0 seconds
Finished: 2026-08-26 10:35:40 UTC

View results: https://github.com/wxs-lang/webscout-mcp/actions/runs/32958987544

Jobs:
  * test (3.12) cancelled (3 annotations)
  * test (3.11) failed (2 annotations)
  * test (3.10) cancelled (3 annotations)

-- 
You are receiving this because you are subscribed to this thread.
Manage your GitHub Actions notifications: https://g
================================================================================

================================================================================
⚠️  ERROR EMAIL DETECTED
================================================================================
Time:     2026-09-06 23:03:57
Email ID: 1527
Date:     Wed, 26 Aug 2026 03:37:12 -0700
From:     "wxs-lang" <notifications@github.com>
Subject:  [wxs-lang/webscout-mcp] Run failed: Tests - main (590ba52)

Body (first 500 chars):
[wxs-lang/webscout-mcp] Tests workflow run

Repository: wxs-lang/webscout-mcp
Workflow: Tests
Duration: 36.0 seconds
Finished: 2026-08-26 10:36:52 UTC

View results: https://github.com/wxs-lang/webscout-mcp/actions/runs/32959086596

Jobs:
  * test (3.12) cancelled (3 annotations)
  * test (3.11) failed (2 annotations)
  * test (3.10) cancelled (3 annotations)

-- 
You are receiving this because you are subscribed to this thread.
Manage your GitHub Actions notifications: https://g
================================================================================

================================================================================
⚠️  ERROR EMAIL DETECTED
================================================================================
Time:     2026-09-06 23:03:57
Email ID: 1528
Date:     Wed, 26 Aug 2026 05:13:32 -0700
From:     "wxs-lang" <notifications@github.com>
Subject:  [wxs-lang/webscout-mcp] Run failed: Tests - main (2348a6b)

Body (first 500 chars):
[wxs-lang/webscout-mcp] Tests workflow run

Repository: wxs-lang/webscout-mcp
Workflow: Tests
Duration: 43.0 seconds
Finished: 2026-08-26 12:13:12 UTC

View results: https://github.com/wxs-lang/webscout-mcp/actions/runs/32967329534

Jobs:
  * test (3.12) failed (4 annotations)

-- 
You are receiving this because you are subscribed to this thread.
Manage your GitHub Actions notifications: https://github.com/settings/notifications?email_source=notifications&email_token=CH2AHALYRMYHCA
================================================================================

================================================================================
⚠️  ERROR EMAIL DETECTED
================================================================================
Time:     2026-09-06 23:03:57
Email ID: 1529
Date:     Wed, 26 Aug 2026 05:17:00 -0700
From:     "wxs-lang" <notifications@github.com>
Subject:  [wxs-lang/webscout-mcp] Run failed: Tests - main (b986fe7)

Body (first 500 chars):
[wxs-lang/webscout-mcp] Tests workflow run

Repository: wxs-lang/webscout-mcp
Workflow: Tests
Duration: 25.0 seconds
Finished: 2026-08-26 12:16:39 UTC

View results: https://github.com/wxs-lang/webscout-mcp/actions/runs/32967668948

Jobs:
  * test failed (2 annotations)

-- 
You are receiving this because you are subscribed to this thread.
Manage your GitHub Actions notifications: https://github.com/settings/notifications?email_source=notifications&email_token=CH2AHAKWCFB7VH5TPG5IF
================================================================================

================================================================================
⚠️  ERROR EMAIL DETECTED
================================================================================
Time:     2026-09-06 23:03:58
Email ID: 1530
Date:     Wed, 26 Aug 2026 05:21:30 -0700
From:     "wxs-lang" <notifications@github.com>
Subject:  [wxs-lang/webscout-mcp] Run failed: Tests - main (ee6070a)

Body (first 500 chars):
[wxs-lang/webscout-mcp] Tests workflow run

Repository: wxs-lang/webscout-mcp
Workflow: Tests
Duration: 32.0 seconds
Finished: 2026-08-26 12:21:10 UTC

View results: https://github.com/wxs-lang/webscout-mcp/actions/runs/32968058941

Jobs:
  * test failed (2 annotations)

-- 
You are receiving this because you are subscribed to this thread.
Manage your GitHub Actions notifications: https://github.com/settings/notifications?email_source=notifications&email_token=CH2AHAIMTSQWC64ERNA5N
================================================================================

================================================================================
⚠️  ERROR EMAIL DETECTED
================================================================================
Time:     2026-09-06 23:03:58
Email ID: 1531
Date:     Wed, 26 Aug 2026 05:23:35 -0700
From:     "wxs-lang" <notifications@github.com>
Subject:  [wxs-lang/webscout-mcp] Run failed: Tests - main (6b93275)

Body (first 500 chars):
[wxs-lang/webscout-mcp] Tests workflow run

Repository: wxs-lang/webscout-mcp
Workflow: Tests
Duration: 27.0 seconds
Finished: 2026-08-26 12:23:14 UTC

View results: https://github.com/wxs-lang/webscout-mcp/actions/runs/32968249483

Jobs:
  * test failed (2 annotations)

-- 
You are receiving this because you are subscribed to this thread.
Manage your GitHub Actions notifications: https://github.com/settings/notifications?email_source=notifications&email_token=CH2AHALJZLQHKLTQSGJLD
================================================================================

================================================================================
⚠️  ERROR EMAIL DETECTED
================================================================================
Time:     2026-09-06 23:03:58
Email ID: 1532
Date:     Wed, 26 Aug 2026 05:28:57 -0700
From:     "wxs-lang" <notifications@github.com>
Subject:  [wxs-lang/webscout-mcp] Run failed: Tests - main (ae5f8b2)

Body (first 500 chars):
[wxs-lang/webscout-mcp] Tests workflow run

Repository: wxs-lang/webscout-mcp
Workflow: Tests
Duration: 34.0 seconds
Finished: 2026-08-26 12:28:36 UTC

View results: https://github.com/wxs-lang/webscout-mcp/actions/runs/32968714470

Jobs:
  * test failed (2 annotations)

-- 
You are receiving this because you are subscribed to this thread.
Manage your GitHub Actions notifications: https://github.com/settings/notifications?email_source=notifications&email_token=CH2AHAPNK53BMKGWFZ44D
================================================================================

================================================================================
⚠️  ERROR EMAIL DETECTED
================================================================================
Time:     2026-09-06 23:03:58
Email ID: 1533
Date:     Wed, 26 Aug 2026 05:32:15 -0700
From:     "wxs-lang" <notifications@github.com>
Subject:  [wxs-lang/webscout-mcp] Run failed: Tests - main (cf2601a)

Body (first 500 chars):
[wxs-lang/webscout-mcp] Tests workflow run

Repository: wxs-lang/webscout-mcp
Workflow: Tests
Duration: 31.0 seconds
Finished: 2026-08-26 12:31:54 UTC

View results: https://github.com/wxs-lang/webscout-mcp/actions/runs/32968999423

Jobs:
  * test failed (2 annotations)

-- 
You are receiving this because you are subscribed to this thread.
Manage your GitHub Actions notifications: https://github.com/settings/notifications?email_source=notifications&email_token=CH2AHAIRUDKFVWKGPSR7I
================================================================================

================================================================================
⚠️  ERROR EMAIL DETECTED
================================================================================
Time:     2026-09-06 23:03:58
Email ID: 1534
Date:     Wed, 26 Aug 2026 05:38:41 -0700
From:     "wxs-lang" <notifications@github.com>
Subject:  [wxs-lang/webscout-mcp] Run failed: Tests - main (7059507)

Body (first 500 chars):
[wxs-lang/webscout-mcp] Tests workflow run

Repository: wxs-lang/webscout-mcp
Workflow: Tests
Duration: 30.0 seconds
Finished: 2026-08-26 12:38:21 UTC

View results: https://github.com/wxs-lang/webscout-mcp/actions/runs/32969595500

Jobs:
  * test failed (2 annotations)

-- 
You are receiving this because you are subscribed to this thread.
Manage your GitHub Actions notifications: https://github.com/settings/notifications?email_source=notifications&email_token=CH2AHAOVVQPN7BY7AFZNI
================================================================================

================================================================================
⚠️  ERROR EMAIL DETECTED
================================================================================
Time:     2026-09-06 23:03:58
Email ID: 1535
Date:     Wed, 26 Aug 2026 05:42:20 -0700
From:     "wxs-lang" <notifications@github.com>
Subject:  [wxs-lang/webscout-mcp] Run failed: Tests - main (6f6aab7)

Body (first 500 chars):
[wxs-lang/webscout-mcp] Tests workflow run

Repository: wxs-lang/webscout-mcp
Workflow: Tests
Duration: 35.0 seconds
Finished: 2026-08-26 12:41:59 UTC

View results: https://github.com/wxs-lang/webscout-mcp/actions/runs/32969915141

Jobs:
  * test failed (2 annotations)

-- 
You are receiving this because you are subscribed to this thread.
Manage your GitHub Actions notifications: https://github.com/settings/notifications?email_source=notifications&email_token=CH2AHAITBSPXKVDA3UNHG
================================================================================

================================================================================
⚠️  ERROR EMAIL DETECTED
================================================================================
Time:     2026-09-06 23:03:58
Email ID: 1536
Date:     Wed, 26 Aug 2026 05:47:36 -0700
From:     "wxs-lang" <notifications@github.com>
Subject:  [wxs-lang/webscout-mcp] Run failed: Tests - main (f2c115c)

Body (first 500 chars):
[wxs-lang/webscout-mcp] Tests workflow run

Repository: wxs-lang/webscout-mcp
Workflow: Tests
Duration: 28.0 seconds
Finished: 2026-08-26 12:47:16 UTC

View results: https://github.com/wxs-lang/webscout-mcp/actions/runs/32970416052

Jobs:
  * test failed (2 annotations)

-- 
You are receiving this because you are subscribed to this thread.
Manage your GitHub Actions notifications: https://github.com/settings/notifications?email_source=notifications&email_token=CH2AHANHWVANVBLE5S3JC
================================================================================

================================================================================
⚠️  ERROR EMAIL DETECTED
================================================================================
Time:     2026-09-06 23:03:58
Email ID: 1537
Date:     Wed, 26 Aug 2026 05:54:27 -0700
From:     "wxs-lang" <notifications@github.com>
Subject:  [wxs-lang/webscout-mcp] Run failed: Tests - main (9c1c07c)

Body (first 500 chars):
[wxs-lang/webscout-mcp] Tests workflow run

Repository: wxs-lang/webscout-mcp
Workflow: Tests
Duration: 34.0 seconds
Finished: 2026-08-26 12:54:07 UTC

View results: https://github.com/wxs-lang/webscout-mcp/actions/runs/32971038409

Jobs:
  * test failed (2 annotations)

-- 
You are receiving this because you are subscribed to this thread.
Manage your GitHub Actions notifications: https://github.com/settings/notifications?email_source=notifications&email_token=CH2AHAP7KV275DBI37J3V
================================================================================

================================================================================
⚠️  ERROR EMAIL DETECTED
================================================================================
Time:     2026-09-06 23:03:59
Email ID: 1538
Date:     Wed, 26 Aug 2026 05:57:35 -0700
From:     "wxs-lang" <notifications@github.com>
Subject:  [wxs-lang/webscout-mcp] Run failed: Tests - main (0d9efcd)

Body (first 500 chars):
[wxs-lang/webscout-mcp] Tests workflow run

Repository: wxs-lang/webscout-mcp
Workflow: Tests
Duration: 37.0 seconds
Finished: 2026-08-26 12:57:14 UTC

View results: https://github.com/wxs-lang/webscout-mcp/actions/runs/32971325076

Jobs:
  * test failed (2 annotations)

-- 
You are receiving this because you are subscribed to this thread.
Manage your GitHub Actions notifications: https://github.com/settings/notifications?email_source=notifications&email_token=CH2AHAIOFBDOUKHEQVV4V
================================================================================

================================================================================
⚠️  ERROR EMAIL DETECTED
================================================================================
Time:     2026-09-06 23:03:59
Email ID: 1539
Date:     Wed, 26 Aug 2026 06:00:11 -0700
From:     "wxs-lang" <notifications@github.com>
Subject:  [wxs-lang/webscout-mcp] Run failed: Tests - main (f400dbc)

Body (first 500 chars):
[wxs-lang/webscout-mcp] Tests workflow run

Repository: wxs-lang/webscout-mcp
Workflow: Tests
Duration: 27.0 seconds
Finished: 2026-08-26 12:59:51 UTC

View results: https://github.com/wxs-lang/webscout-mcp/actions/runs/32971579126

Jobs:
  * test failed (2 annotations)

-- 
You are receiving this because you are subscribed to this thread.
Manage your GitHub Actions notifications: https://github.com/settings/notifications?email_source=notifications&email_token=CH2AHAPTS7PLXZUUT7GC2
================================================================================

================================================================================
⚠️  ERROR EMAIL DETECTED
================================================================================
Time:     2026-09-06 23:03:59
Email ID: 1540
Date:     Wed, 26 Aug 2026 06:02:58 -0700
From:     "wxs-lang" <notifications@github.com>
Subject:  [wxs-lang/webscout-mcp] Run failed: Tests - main (d069a63)

Body (first 500 chars):
[wxs-lang/webscout-mcp] Tests workflow run

Repository: wxs-lang/webscout-mcp
Workflow: Tests
Duration: 25.0 seconds
Finished: 2026-08-26 13:02:37 UTC

View results: https://github.com/wxs-lang/webscout-mcp/actions/runs/32971853256

Jobs:
  * test failed (2 annotations)

-- 
You are receiving this because you are subscribed to this thread.
Manage your GitHub Actions notifications: https://github.com/settings/notifications?email_source=notifications&email_token=CH2AHAOND6LM77YHBDIDL
================================================================================

================================================================================
⚠️  ERROR EMAIL DETECTED
================================================================================
Time:     2026-09-06 23:03:59
Email ID: 1541
Date:     Wed, 26 Aug 2026 06:09:16 -0700
From:     "wxs-lang" <notifications@github.com>
Subject:  [wxs-lang/webscout-mcp] Run failed: Tests - main (8d7b254)

Body (first 500 chars):
[wxs-lang/webscout-mcp] Tests workflow run

Repository: wxs-lang/webscout-mcp
Workflow: Tests
Duration: 32.0 seconds
Finished: 2026-08-26 13:08:56 UTC

View results: https://github.com/wxs-lang/webscout-mcp/actions/runs/32972449010

Jobs:
  * test failed (2 annotations)

-- 
You are receiving this because you are subscribed to this thread.
Manage your GitHub Actions notifications: https://github.com/settings/notifications?email_source=notifications&email_token=CH2AHAJE3B5UJDUALNHOR
================================================================================

================================================================================
⚠️  ERROR EMAIL DETECTED
================================================================================
Time:     2026-09-06 23:03:59
Email ID: 1542
Date:     Wed, 26 Aug 2026 06:13:30 -0700
From:     "wxs-lang" <notifications@github.com>
Subject:  [wxs-lang/webscout-mcp] Run failed: Tests - main (1658fce)

Body (first 500 chars):
[wxs-lang/webscout-mcp] Tests workflow run

Repository: wxs-lang/webscout-mcp
Workflow: Tests
Duration: 26.0 seconds
Finished: 2026-08-26 13:13:04 UTC

View results: https://github.com/wxs-lang/webscout-mcp/actions/runs/32972846065

Jobs:
  * test failed (2 annotations)

-- 
You are receiving this because you are subscribed to this thread.
Manage your GitHub Actions notifications: https://github.com/settings/notifications?email_source=notifications&email_token=CH2AHAP4NIPQOOJAOERIX
================================================================================

================================================================================
⚠️  ERROR EMAIL DETECTED
================================================================================
Time:     2026-09-06 23:03:59
Email ID: 1543
Date:     Wed, 26 Aug 2026 06:16:40 -0700
From:     "wxs-lang" <notifications@github.com>
Subject:  [wxs-lang/webscout-mcp] Run failed: Tests - main (22cb505)

Body (first 500 chars):
[wxs-lang/webscout-mcp] Tests workflow run

Repository: wxs-lang/webscout-mcp
Workflow: Tests
Duration: 27.0 seconds
Finished: 2026-08-26 13:16:20 UTC

View results: https://github.com/wxs-lang/webscout-mcp/actions/runs/32973174729

Jobs:
  * test failed (2 annotations)

-- 
You are receiving this because you are subscribed to this thread.
Manage your GitHub Actions notifications: https://github.com/settings/notifications?email_source=notifications&email_token=CH2AHALK67TEWNMUZNVE6
================================================================================

================================================================================
⚠️  ERROR EMAIL DETECTED
================================================================================
Time:     2026-09-06 23:03:59
Email ID: 1544
Date:     Wed, 26 Aug 2026 06:21:48 -0700
From:     "wxs-lang" <notifications@github.com>
Subject:  [wxs-lang/webscout-mcp] Run failed: Tests - main (47d9925)

Body (first 500 chars):
[wxs-lang/webscout-mcp] Tests workflow run

Repository: wxs-lang/webscout-mcp
Workflow: Tests
Duration: 27.0 seconds
Finished: 2026-08-26 13:21:28 UTC

View results: https://github.com/wxs-lang/webscout-mcp/actions/runs/32973669589

Jobs:
  * test failed (2 annotations)

-- 
You are receiving this because you are subscribed to this thread.
Manage your GitHub Actions notifications: https://github.com/settings/notifications?email_source=notifications&email_token=CH2AHAO24JJQKRAX6T2LM
================================================================================

================================================================================
⚠️  ERROR EMAIL DETECTED
================================================================================
Time:     2026-09-06 23:04:00
Email ID: 1545
Date:     Wed, 26 Aug 2026 06:25:14 -0700
From:     "wxs-lang" <notifications@github.com>
Subject:  [wxs-lang/webscout-mcp] Run failed: Tests - main (ccf8e89)

Body (first 500 chars):
[wxs-lang/webscout-mcp] Tests workflow run

Repository: wxs-lang/webscout-mcp
Workflow: Tests
Duration: 42.0 seconds
Finished: 2026-08-26 13:24:53 UTC

View results: https://github.com/wxs-lang/webscout-mcp/actions/runs/32973985781

Jobs:
  * test failed (2 annotations)

-- 
You are receiving this because you are subscribed to this thread.
Manage your GitHub Actions notifications: https://github.com/settings/notifications?email_source=notifications&email_token=CH2AHAPJW56FTAP3Q6KHO
================================================================================

================================================================================
⚠️  ERROR EMAIL DETECTED
================================================================================
Time:     2026-09-06 23:04:00
Email ID: 1546
Date:     Wed, 26 Aug 2026 06:29:25 -0700
From:     "wxs-lang" <notifications@github.com>
Subject:  [wxs-lang/webscout-mcp] Run failed: Tests - main (ead205e)

Body (first 500 chars):
[wxs-lang/webscout-mcp] Tests workflow run

Repository: wxs-lang/webscout-mcp
Workflow: Tests
Duration: 31.0 seconds
Finished: 2026-08-26 13:29:04 UTC

View results: https://github.com/wxs-lang/webscout-mcp/actions/runs/32974414011

Jobs:
  * test failed (2 annotations)

-- 
You are receiving this because you are subscribed to this thread.
Manage your GitHub Actions notifications: https://github.com/settings/notifications?email_source=notifications&email_token=CH2AHANSJVPA4KY56G3VU
================================================================================

================================================================================
⚠️  ERROR EMAIL DETECTED
================================================================================
Time:     2026-09-06 23:04:00
Email ID: 1547
Date:     Wed, 26 Aug 2026 06:32:09 -0700
From:     "wxs-lang" <notifications@github.com>
Subject:  [wxs-lang/webscout-mcp] Run failed: Tests - main (fec1b99)

Body (first 500 chars):
[wxs-lang/webscout-mcp] Tests workflow run

Repository: wxs-lang/webscout-mcp
Workflow: Tests
Duration: 22.0 seconds
Finished: 2026-08-26 13:31:49 UTC

View results: https://github.com/wxs-lang/webscout-mcp/actions/runs/32974706586

Jobs:
  * test failed (2 annotations)

-- 
You are receiving this because you are subscribed to this thread.
Manage your GitHub Actions notifications: https://github.com/settings/notifications?email_source=notifications&email_token=CH2AHAPMCQUPW2H3OH2VR
================================================================================

================================================================================
⚠️  ERROR EMAIL DETECTED
================================================================================
Time:     2026-09-06 23:04:00
Email ID: 1548
Date:     Wed, 26 Aug 2026 06:36:24 -0700
From:     "wxs-lang" <notifications@github.com>
Subject:  [wxs-lang/webscout-mcp] Run failed: Tests - main (ec18b7d)

Body (first 500 chars):
[wxs-lang/webscout-mcp] Tests workflow run

Repository: wxs-lang/webscout-mcp
Workflow: Tests
Duration: 26.0 seconds
Finished: 2026-08-26 13:36:04 UTC

View results: https://github.com/wxs-lang/webscout-mcp/actions/runs/32975118359

Jobs:
  * test failed (2 annotations)

-- 
You are receiving this because you are subscribed to this thread.
Manage your GitHub Actions notifications: https://github.com/settings/notifications?email_source=notifications&email_token=CH2AHAP4QHJFFWSYQH4KI
================================================================================

================================================================================
⚠️  ERROR EMAIL DETECTED
================================================================================
Time:     2026-09-06 23:04:00
Email ID: 1549
Date:     Wed, 26 Aug 2026 06:39:46 -0700
From:     "wxs-lang" <notifications@github.com>
Subject:  [wxs-lang/webscout-mcp] Run failed: Tests - main (43777d6)

Body (first 500 chars):
[wxs-lang/webscout-mcp] Tests workflow run

Repository: wxs-lang/webscout-mcp
Workflow: Tests
Duration: 28.0 seconds
Finished: 2026-08-26 13:39:26 UTC

View results: https://github.com/wxs-lang/webscout-mcp/actions/runs/32975448303

Jobs:
  * test failed (2 annotations)

-- 
You are receiving this because you are subscribed to this thread.
Manage your GitHub Actions notifications: https://github.com/settings/notifications?email_source=notifications&email_token=CH2AHANKZQ3IQ7CNP4D72
================================================================================

================================================================================
⚠️  ERROR EMAIL DETECTED
================================================================================
Time:     2026-09-06 23:04:00
Email ID: 1550
Date:     Wed, 26 Aug 2026 06:42:01 -0700
From:     "wxs-lang" <notifications@github.com>
Subject:  [wxs-lang/webscout-mcp] Run failed: Tests - main (9c0595d)

Body (first 500 chars):
[wxs-lang/webscout-mcp] Tests workflow run

Repository: wxs-lang/webscout-mcp
Workflow: Tests
Duration: 26.0 seconds
Finished: 2026-08-26 13:41:41 UTC

View results: https://github.com/wxs-lang/webscout-mcp/actions/runs/32975679517

Jobs:
  * test failed (2 annotations)

-- 
You are receiving this because you are subscribed to this thread.
Manage your GitHub Actions notifications: https://github.com/settings/notifications?email_source=notifications&email_token=CH2AHAPNYDIXLMPLVZS2E
================================================================================

================================================================================
⚠️  ERROR EMAIL DETECTED
================================================================================
Time:     2026-09-06 23:04:00
Email ID: 1551
Date:     Wed, 26 Aug 2026 06:47:02 -0700
From:     "wxs-lang" <notifications@github.com>
Subject:  [wxs-lang/webscout-mcp] Run failed: Tests - main (04e12be)

Body (first 500 chars):
[wxs-lang/webscout-mcp] Tests workflow run

Repository: wxs-lang/webscout-mcp
Workflow: Tests
Duration: 29.0 seconds
Finished: 2026-08-26 13:46:42 UTC

View results: https://github.com/wxs-lang/webscout-mcp/actions/runs/32976180758

Jobs:
  * test failed (2 annotations)

-- 
You are receiving this because you are subscribed to this thread.
Manage your GitHub Actions notifications: https://github.com/settings/notifications?email_source=notifications&email_token=CH2AHAK5IHI7GFPHSQF2Q
================================================================================

================================================================================
⚠️  ERROR EMAIL DETECTED
================================================================================
Time:     2026-09-06 23:04:01
Email ID: 1552
Date:     Wed, 26 Aug 2026 08:39:19 -0700
From:     "wxs-lang" <notifications@github.com>
Subject:  [wxs-lang/webscout-mcp] Run failed at startup: Tests - main
 (c41b1ea)

Body (first 500 chars):
[wxs-lang/webscout-mcp] Tests workflow run

Repository: wxs-lang/webscout-mcp
Workflow: Tests
Duration: 3 minutes and 38.0 seconds
Finished: 2026-08-26 15:38:59 UTC

View results: https://github.com/wxs-lang/webscout-mcp/actions/runs/32985571463

Jobs:
  * test succeeded (1 annotation)

-- 
You are receiving this because you are subscribed to this thread.
Manage your GitHub Actions notifications: https://github.com/settings/notifications?email_source=notifications&email_token=CH2AH
================================================================================

================================================================================
⚠️  ERROR EMAIL DETECTED
================================================================================
Time:     2026-09-06 23:04:01
Email ID: 1553
Date:     Wed, 26 Aug 2026 08:59:55 -0700
From:     "wxs-lang" <notifications@github.com>
Subject:  [wxs-lang/webscout-mcp] Run failed: Tests - main (a11c8cd)

Body (first 500 chars):
[wxs-lang/webscout-mcp] Tests workflow run

Repository: wxs-lang/webscout-mcp
Workflow: Tests
Duration: 36.0 seconds
Finished: 2026-08-26 15:59:34 UTC

View results: https://github.com/wxs-lang/webscout-mcp/actions/runs/32986510390

Jobs:
  * test failed (3 annotations)

-- 
You are receiving this because you are subscribed to this thread.
Manage your GitHub Actions notifications: https://github.com/settings/notifications?email_source=notifications&email_token=CH2AHAMBMAUVUW2LB23F6
================================================================================

================================================================================
⚠️  ERROR EMAIL DETECTED
================================================================================
Time:     2026-09-06 23:04:01
Email ID: 1554
Date:     Wed, 26 Aug 2026 09:15:01 -0700
From:     "wxs-lang" <notifications@github.com>
Subject:  [wxs-lang/webscout-mcp] Run failed: Tests - main (0208489)

Body (first 500 chars):
[wxs-lang/webscout-mcp] Tests workflow run

Repository: wxs-lang/webscout-mcp
Workflow: Tests
Duration: 27.0 seconds
Finished: 2026-08-26 16:14:40 UTC

View results: https://github.com/wxs-lang/webscout-mcp/actions/runs/32987319374

Jobs:
  * test failed (3 annotations)

-- 
You are receiving this because you are subscribed to this thread.
Manage your GitHub Actions notifications: https://github.com/settings/notifications?email_source=notifications&email_token=CH2AHAN37MURB6BH5DJXS
================================================================================

================================================================================
⚠️  ERROR EMAIL DETECTED
================================================================================
Time:     2026-09-06 23:04:01
Email ID: 1555
Date:     Wed, 26 Aug 2026 09:15:43 -0700
From:     "wxs-lang" <notifications@github.com>
Subject:  [wxs-lang/webscout-mcp] Run failed: Tests - main (ac1538f)

Body (first 500 chars):
[wxs-lang/webscout-mcp] Tests workflow run

Repository: wxs-lang/webscout-mcp
Workflow: Tests
Duration: 36.0 seconds
Finished: 2026-08-26 16:15:22 UTC

View results: https://github.com/wxs-lang/webscout-mcp/actions/runs/32987364168

Jobs:
  * test failed (3 annotations)

-- 
You are receiving this because you are subscribed to this thread.
Manage your GitHub Actions notifications: https://github.com/settings/notifications?email_source=notifications&email_token=CH2AHAIK5DD4FMQBNLRPQ
================================================================================

================================================================================
⚠️  ERROR EMAIL DETECTED
================================================================================
Time:     2026-09-06 23:04:01
Email ID: 1556
Date:     Wed, 26 Aug 2026 09:23:08 -0700
From:     "wxs-lang" <notifications@github.com>
Subject:  [wxs-lang/webscout-mcp] Run failed: Tests - main (4d78539)

Body (first 500 chars):
[wxs-lang/webscout-mcp] Tests workflow run

Repository: wxs-lang/webscout-mcp
Workflow: Tests
Duration: 23.0 seconds
Finished: 2026-08-26 16:22:48 UTC

View results: https://github.com/wxs-lang/webscout-mcp/actions/runs/32988013996

Jobs:
  * test failed (3 annotations)

-- 
You are receiving this because you are subscribed to this thread.
Manage your GitHub Actions notifications: https://github.com/settings/notifications?email_source=notifications&email_token=CH2AHAKFXHCWHQ2DFFAMA
================================================================================

================================================================================
⚠️  ERROR EMAIL DETECTED
================================================================================
Time:     2026-09-06 23:04:01
Email ID: 1557
Date:     Wed, 26 Aug 2026 09:32:55 -0700
From:     GitHub <noreply@github.com>
Subject:  [GitHub] Please verify your device

Body (first 500 chars):
Hey wxs-lang!

A sign in attempt requires further verification because we did not recognize your device. To complete the sign in, enter the verification code on the unrecognized device.

Device: Chrome on macOS
Verification code: 732676

If you did not attempt to sign in to your account, your password may be compromised. Visit https://github.com/settings/security to create a new, strong password for your GitHub account.

If you'd like to automatically verify devices in the future, consi
================================================================================

================================================================================
⚠️  ERROR EMAIL DETECTED
================================================================================
Time:     2026-09-06 23:04:01
Email ID: 1558
Date:     Wed, 26 Aug 2026 09:36:15 -0700
From:     "wxs-lang" <notifications@github.com>
Subject:  [wxs-lang/webscout-mcp] Run failed: Tests - main (0c6f34d)

Body (first 500 chars):
[wxs-lang/webscout-mcp] Tests workflow run

Repository: wxs-lang/webscout-mcp
Workflow: Tests
Duration: 21.0 seconds
Finished: 2026-08-26 16:35:55 UTC

View results: https://github.com/wxs-lang/webscout-mcp/actions/runs/32989254467

Jobs:
  * test failed (3 annotations)

-- 
You are receiving this because you are subscribed to this thread.
Manage your GitHub Actions notifications: https://github.com/settings/notifications?email_source=notifications&email_token=CH2AHAMX2TC34CUMQ2HM6
================================================================================

================================================================================
⚠️  ERROR EMAIL DETECTED
================================================================================
Time:     2026-09-06 23:04:02
Email ID: 1559
Date:     Wed, 26 Aug 2026 09:36:18 -0700
From:     "wxs-lang" <notifications@github.com>
Subject:  [wxs-lang/webscout-mcp] Run failed: Docker Publish - main (0c6f34d)

Body (first 500 chars):
[wxs-lang/webscout-mcp] Docker Publish workflow run

Repository: wxs-lang/webscout-mcp
Workflow: Docker Publish
Duration: 24.0 seconds
Finished: 2026-08-26 16:35:58 UTC

View results: https://github.com/wxs-lang/webscout-mcp/actions/runs/32989254511

Jobs:
  * build-and-push failed (2 annotations)

-- 
You are receiving this because you are subscribed to this thread.
Manage your GitHub Actions notifications: https://github.com/settings/notifications?email_source=notifications&email
================================================================================

================================================================================
⚠️  ERROR EMAIL DETECTED
================================================================================
Time:     2026-09-06 23:04:02
Email ID: 1563
Date:     Wed, 26 Aug 2026 10:01:04 -0700
From:     "wxs-lang" <notifications@github.com>
Subject:  [wxs-lang/webscout-mcp] Run failed: Docker Publish - main (9198808)

Body (first 500 chars):
[wxs-lang/webscout-mcp] Docker Publish workflow run

Repository: wxs-lang/webscout-mcp
Workflow: Docker Publish
Duration: 19.0 seconds
Finished: 2026-08-26 17:00:43 UTC

View results: https://github.com/wxs-lang/webscout-mcp/actions/runs/32991684945

Jobs:
  * build-and-push failed (2 annotations)

-- 
You are receiving this because you are subscribed to this thread.
Manage your GitHub Actions notifications: https://github.com/settings/notifications?email_source=notifications&email
================================================================================

================================================================================
⚠️  ERROR EMAIL DETECTED
================================================================================
Time:     2026-09-06 23:04:02
Email ID: 1564
Date:     Wed, 26 Aug 2026 10:01:10 -0700
From:     "wxs-lang" <notifications@github.com>
Subject:  [wxs-lang/webscout-mcp] Run failed: Tests - main (9198808)

Body (first 500 chars):
[wxs-lang/webscout-mcp] Tests workflow run

Repository: wxs-lang/webscout-mcp
Workflow: Tests
Duration: 26.0 seconds
Finished: 2026-08-26 17:00:50 UTC

View results: https://github.com/wxs-lang/webscout-mcp/actions/runs/32991684934

Jobs:
  * test failed (3 annotations)

-- 
You are receiving this because you are subscribed to this thread.
Manage your GitHub Actions notifications: https://github.com/settings/notifications?email_source=notifications&email_token=CH2AHAKC7QWVVCP6SOL6Y
================================================================================

================================================================================
⚠️  ERROR EMAIL DETECTED
================================================================================
Time:     2026-09-06 23:04:02
Email ID: 1566
Date:     Wed, 26 Aug 2026 10:06:13 -0700
From:     "wxs-lang" <notifications@github.com>
Subject:  [wxs-lang/webscout-mcp] Run failed: Docker Publish, Attempt #2 -
 main (0c6f34d)

Body (first 500 chars):
[wxs-lang/webscout-mcp] Docker Publish workflow run, Attempt #2

Repository: wxs-lang/webscout-mcp
Workflow: Docker Publish
Duration: 18 minutes and 11.0 seconds
Finished: 2026-08-26 17:05:53 UTC

View results: https://github.com/wxs-lang/webscout-mcp/actions/runs/32989254511

Jobs:
  * build-and-push failed (2 annotations)

-- 
You are receiving this because you are subscribed to this thread.
Manage your GitHub Actions notifications: https://github.com/settings/notifications?email
================================================================================

================================================================================
⚠️  ERROR EMAIL DETECTED
================================================================================
Time:     2026-09-06 23:04:03
Email ID: 1568
Date:     Wed, 26 Aug 2026 10:24:18 -0700
From:     "wxs-lang" <notifications@github.com>
Subject:  [wxs-lang/webscout-mcp] Run failed: Docker Publish, Attempt #2 -
 main (9198808)

Body (first 500 chars):
[wxs-lang/webscout-mcp] Docker Publish workflow run, Attempt #2

Repository: wxs-lang/webscout-mcp
Workflow: Docker Publish
Duration: 17 minutes and 51.0 seconds
Finished: 2026-08-26 17:23:57 UTC

View results: https://github.com/wxs-lang/webscout-mcp/actions/runs/32991684945

Jobs:
  * build-and-push failed (2 annotations)

-- 
You are receiving this because you are subscribed to this thread.
Manage your GitHub Actions notifications: https://github.com/settings/notifications?email
================================================================================

================================================================================
⚠️  ERROR EMAIL DETECTED
================================================================================
Time:     2026-09-06 23:04:03
Email ID: 1569
Date:     Wed, 26 Aug 2026 18:14:09 -0700
From:     "wxs-lang" <notifications@github.com>
Subject:  [wxs-lang/webscout-mcp] Run failed: Docker Publish, Attempt #3 -
 main (9198808)

Body (first 500 chars):
[wxs-lang/webscout-mcp] Docker Publish workflow run, Attempt #3

Repository: wxs-lang/webscout-mcp
Workflow: Docker Publish
Duration: 23.0 seconds
Finished: 2026-08-27 01:13:49 UTC

View results: https://github.com/wxs-lang/webscout-mcp/actions/runs/32991684945

Jobs:
  * build-and-push failed (2 annotations)

-- 
You are receiving this because you are subscribed to this thread.
Manage your GitHub Actions notifications: https://github.com/settings/notifications?email_source=notific
================================================================================

================================================================================
⚠️  ERROR EMAIL DETECTED
================================================================================
Time:     2026-09-06 23:04:03
Email ID: 1570
Date:     Wed, 26 Aug 2026 18:16:53 -0700
From:     "wxs-lang" <notifications@github.com>
Subject:  [wxs-lang/webscout-mcp] Run failed: Tests - main (18e8c4c)

Body (first 500 chars):
[wxs-lang/webscout-mcp] Tests workflow run

Repository: wxs-lang/webscout-mcp
Workflow: Tests
Duration: 24.0 seconds
Finished: 2026-08-27 01:16:33 UTC

View results: https://github.com/wxs-lang/webscout-mcp/actions/runs/33029556242

Jobs:
  * test failed (3 annotations)

-- 
You are receiving this because you are subscribed to this thread.
Manage your GitHub Actions notifications: https://github.com/settings/notifications?email_source=notifications&email_token=CH2AHAIT6T7OI2JYH6K3T
================================================================================

================================================================================
⚠️  ERROR EMAIL DETECTED
================================================================================
Time:     2026-09-06 23:04:03
Email ID: 1571
Date:     Wed, 26 Aug 2026 18:17:17 -0700
From:     "wxs-lang" <notifications@github.com>
Subject:  [wxs-lang/webscout-mcp] Run failed: Docker Publish - main (18e8c4c)

Body (first 500 chars):
[wxs-lang/webscout-mcp] Docker Publish workflow run

Repository: wxs-lang/webscout-mcp
Workflow: Docker Publish
Duration: 48.0 seconds
Finished: 2026-08-27 01:16:57 UTC

View results: https://github.com/wxs-lang/webscout-mcp/actions/runs/33029556343

Jobs:
  * build-and-push failed (2 annotations)

-- 
You are receiving this because you are subscribed to this thread.
Manage your GitHub Actions notifications: https://github.com/settings/notifications?email_source=notifications&email
================================================================================

================================================================================
⚠️  ERROR EMAIL DETECTED
================================================================================
Time:     2026-09-06 23:04:03
Email ID: 1572
Date:     Wed, 26 Aug 2026 18:20:34 -0700
From:     "wxs-lang" <notifications@github.com>
Subject:  [wxs-lang/webscout-mcp] Run failed: Tests - main (200278c)

Body (first 500 chars):
[wxs-lang/webscout-mcp] Tests workflow run

Repository: wxs-lang/webscout-mcp
Workflow: Tests
Duration: 27.0 seconds
Finished: 2026-08-27 01:20:14 UTC

View results: https://github.com/wxs-lang/webscout-mcp/actions/runs/33029742201

Jobs:
  * test failed (3 annotations)

-- 
You are receiving this because you are subscribed to this thread.
Manage your GitHub Actions notifications: https://github.com/settings/notifications?email_source=notifications&email_token=CH2AHAKXHG6YAYEX5MGRJ
================================================================================

================================================================================
⚠️  ERROR EMAIL DETECTED
================================================================================
Time:     2026-09-06 23:04:03
Email ID: 1573
Date:     Wed, 26 Aug 2026 18:21:08 -0700
From:     "wxs-lang" <notifications@github.com>
Subject:  [wxs-lang/webscout-mcp] Run failed: Docker Publish - main (200278c)

Body (first 500 chars):
[wxs-lang/webscout-mcp] Docker Publish workflow run

Repository: wxs-lang/webscout-mcp
Workflow: Docker Publish
Duration: 1 minute and 1.0 second
Finished: 2026-08-27 01:20:48 UTC

View results: https://github.com/wxs-lang/webscout-mcp/actions/runs/33029742266

Jobs:
  * build-and-push failed (2 annotations)

-- 
You are receiving this because you are subscribed to this thread.
Manage your GitHub Actions notifications: https://github.com/settings/notifications?email_source=notifica
================================================================================

================================================================================
⚠️  ERROR EMAIL DETECTED
================================================================================
Time:     2026-09-06 23:04:04
Email ID: 1574
Date:     Wed, 26 Aug 2026 18:23:00 -0700
From:     "wxs-lang" <notifications@github.com>
Subject:  [wxs-lang/webscout-mcp] Run failed: Tests - main (4589937)

Body (first 500 chars):
[wxs-lang/webscout-mcp] Tests workflow run

Repository: wxs-lang/webscout-mcp
Workflow: Tests
Duration: 26.0 seconds
Finished: 2026-08-27 01:22:40 UTC

View results: https://github.com/wxs-lang/webscout-mcp/actions/runs/33029874548

Jobs:
  * test failed (3 annotations)

-- 
You are receiving this because you are subscribed to this thread.
Manage your GitHub Actions notifications: https://github.com/settings/notifications?email_source=notifications&email_token=CH2AHAPVHLBQ3CZX4TPLO
================================================================================

================================================================================
⚠️  ERROR EMAIL DETECTED
================================================================================
Time:     2026-09-06 23:04:04
Email ID: 1575
Date:     Wed, 26 Aug 2026 18:23:18 -0700
From:     "wxs-lang" <notifications@github.com>
Subject:  [wxs-lang/webscout-mcp] Run failed: Docker Publish - main (4589937)

Body (first 500 chars):
[wxs-lang/webscout-mcp] Docker Publish workflow run

Repository: wxs-lang/webscout-mcp
Workflow: Docker Publish
Duration: 44.0 seconds
Finished: 2026-08-27 01:22:58 UTC

View results: https://github.com/wxs-lang/webscout-mcp/actions/runs/33029874558

Jobs:
  * build-and-push failed (2 annotations)

-- 
You are receiving this because you are subscribed to this thread.
Manage your GitHub Actions notifications: https://github.com/settings/notifications?email_source=notifications&email
================================================================================

================================================================================
⚠️  ERROR EMAIL DETECTED
================================================================================
Time:     2026-09-06 23:04:04
Email ID: 1577
Date:     Thu, 27 Aug 2026 07:22:13 -0700
From:     GitHub <noreply@github.com>
Subject:  [GitHub] Please verify your device

Body (first 500 chars):
Hey wxs-lang!

A sign in attempt requires further verification because we did not recognize your device. To complete the sign in, enter the verification code on the unrecognized device.

Device: Huawei Browser on Android
Verification code: 898967

If you did not attempt to sign in to your account, your password may be compromised. Visit https://github.com/settings/security to create a new, strong password for your GitHub account.

If you'd like to automatically verify devices in the fut
================================================================================

================================================================================
⚠️  ERROR EMAIL DETECTED
================================================================================
Time:     2026-09-06 23:04:04
Email ID: 1578
Date:     Thu, 27 Aug 2026 07:22:43 -0700
From:     GitHub <noreply@github.com>
Subject:  [GitHub] A third-party OAuth application has been added to your
 account

Body (first 500 chars):
Hey wxs-lang!

A third-party OAuth application (Freebuff) with read:user and user:email scopes was recently authorized to access your account.
Visit https://github.com/settings/connections/applications/Ov23liBmPZjygPRVpLQs for more information.

To see this and other security events for your account, visit https://github.com/settings/security-log

If you run into problems, please contact support by visiting https://github.com/contact

Thanks,
The GitHub Team


================================================================================

================================================================================
⚠️  ERROR EMAIL DETECTED
================================================================================
Time:     2026-09-06 23:04:04
Email ID: 1579
Date:     Thu, 27 Aug 2026 08:24:23 -0700
From:     GitHub <noreply@github.com>
Subject:  [GitHub] A personal access token (classic) has been added to your
 account

Body (first 500 chars):
Hey wxs-lang!

A personal access token (classic) "webscout-mcp-push" with admin:enterprise, admin:gpg_key, admin:org, admin:org_hook, admin:public_key, admin:repo_hook, admin:ssh_signing_key, audit_log, codespace, copilot, delete:packages, delete_repo, gist, notifications, project, repo, user, workflow, write:discussion, write:network_configurations, and write:packages scopes was recently added to your account. Visit https://github.com/settings/tokens for more information.

To see this and o
================================================================================

================================================================================
⚠️  ERROR EMAIL DETECTED
================================================================================
Time:     2026-09-06 23:04:04
Email ID: 1580
Date:     Thu, 27 Aug 2026 08:25:07 -0700
From:     GitHub <noreply@github.com>
Subject:  [GitHub] A personal access token (classic) has been added to your
 account

Body (first 500 chars):
Hey wxs-lang!

A personal access token (classic) "webscout-mcp-push11" with admin:enterprise, admin:gpg_key, admin:org, admin:org_hook, admin:public_key, admin:repo_hook, admin:ssh_signing_key, audit_log, codespace, copilot, delete:packages, delete_repo, gist, notifications, project, repo, user, workflow, write:discussion, write:network_configurations, and write:packages scopes was recently added to your account. Visit https://github.com/settings/tokens for more information.

To see this and
================================================================================

================================================================================
⚠️  ERROR EMAIL DETECTED
================================================================================
Time:     2026-09-06 23:04:05
Email ID: 1581
Date:     Thu, 27 Aug 2026 08:30:25 -0700
From:     GitHub <noreply@github.com>
Subject:  [GitHub] A personal access token (classic) has been added to your
 account

Body (first 500 chars):
Hey wxs-lang!

A personal access token (classic) "webscout-mcp-push" with repo scope was recently added to your account. Visit https://github.com/settings/tokens for more information.

To see this and other security events for your account, visit https://github.com/settings/security-log

If you run into problems, please contact support by visiting https://github.com/contact

Thanks,
The GitHub Team


================================================================================

================================================================================
⚠️  ERROR EMAIL DETECTED
================================================================================
Time:     2026-09-06 23:04:05
Email ID: 1584
Date:     Fri, 28 Aug 2026 03:20:37 -0700
From:     "wxs-lang" <notifications@github.com>
Subject:  [wxs-lang/webscout-mcp] Run failed: Tests - main (e95c358)

Body (first 500 chars):
[wxs-lang/webscout-mcp] Tests workflow run

Repository: wxs-lang/webscout-mcp
Workflow: Tests
Duration: 33.0 seconds
Finished: 2026-08-28 10:20:16 UTC

View results: https://github.com/wxs-lang/webscout-mcp/actions/runs/33162932488

Jobs:
  * test failed (2 annotations)

-- 
You are receiving this because you are subscribed to this thread.
Manage your GitHub Actions notifications: https://github.com/settings/notifications?email_source=notifications&email_token=CH2AHAJYPSLYANI2Z72VB
================================================================================

================================================================================
⚠️  ERROR EMAIL DETECTED
================================================================================
Time:     2026-09-06 23:04:05
Email ID: 1585
Date:     Fri, 28 Aug 2026 06:15:43 -0700
From:     "wxs-lang" <notifications@github.com>
Subject:  [wxs-lang/webscout-mcp] Run failed: Tests - main (268fd33)

Body (first 500 chars):
[wxs-lang/webscout-mcp] Tests workflow run

Repository: wxs-lang/webscout-mcp
Workflow: Tests
Duration: 35.0 seconds
Finished: 2026-08-28 13:15:22 UTC

View results: https://github.com/wxs-lang/webscout-mcp/actions/runs/33174526310

Jobs:
  * test failed (2 annotations)

-- 
You are receiving this because you are subscribed to this thread.
Manage your GitHub Actions notifications: https://github.com/settings/notifications?email_source=notifications&email_token=CH2AHAKDOKO7MKY6B24KQ
================================================================================

================================================================================
⚠️  ERROR EMAIL DETECTED
================================================================================
Time:     2026-09-06 23:04:05
Email ID: 1586
Date:     Fri, 28 Aug 2026 06:40:23 -0700
From:     "wxs-lang" <notifications@github.com>
Subject:  [wxs-lang/webscout-mcp] Run failed: Tests - main (5d2a724)

Body (first 500 chars):
[wxs-lang/webscout-mcp] Tests workflow run

Repository: wxs-lang/webscout-mcp
Workflow: Tests
Duration: 34.0 seconds
Finished: 2026-08-28 13:40:03 UTC

View results: https://github.com/wxs-lang/webscout-mcp/actions/runs/33176393114

Jobs:
  * test failed (2 annotations)

-- 
You are receiving this because you are subscribed to this thread.
Manage your GitHub Actions notifications: https://github.com/settings/notifications?email_source=notifications&email_token=CH2AHALLVI6ASLZD2Q3JY
================================================================================

================================================================================
⚠️  ERROR EMAIL DETECTED
================================================================================
Time:     2026-09-06 23:04:05
Email ID: 1587
Date:     Fri, 28 Aug 2026 06:40:25 -0700
From:     "wxs-lang" <notifications@github.com>
Subject:  [wxs-lang/webscout-mcp] Run failed: Tests - main (5d2a724)

Body (first 500 chars):
[wxs-lang/webscout-mcp] Tests workflow run

Repository: wxs-lang/webscout-mcp
Workflow: Tests
Duration: 37.0 seconds
Finished: 2026-08-28 13:40:05 UTC

View results: https://github.com/wxs-lang/webscout-mcp/actions/runs/33176392068

Jobs:
  * test failed (2 annotations)

-- 
You are receiving this because you are subscribed to this thread.
Manage your GitHub Actions notifications: https://github.com/settings/notifications?email_source=notifications&email_token=CH2AHAJ2VR7VQGUPCFQQ2
================================================================================

================================================================================
⚠️  ERROR EMAIL DETECTED
================================================================================
Time:     2026-09-06 23:04:05
Email ID: 1588
Date:     Fri, 28 Aug 2026 06:53:19 -0700
From:     "wxs-lang" <notifications@github.com>
Subject:  [wxs-lang/webscout-mcp] Run failed: Tests - main (d237fe4)

Body (first 500 chars):
[wxs-lang/webscout-mcp] Tests workflow run

Repository: wxs-lang/webscout-mcp
Workflow: Tests
Duration: 29.0 seconds
Finished: 2026-08-28 13:52:59 UTC

View results: https://github.com/wxs-lang/webscout-mcp/actions/runs/33177409832

Jobs:
  * test failed (2 annotations)

-- 
You are receiving this because you are subscribed to this thread.
Manage your GitHub Actions notifications: https://github.com/settings/notifications?email_source=notifications&email_token=CH2AHAJBOH6CXFBZSD2LN
================================================================================

================================================================================
⚠️  ERROR EMAIL DETECTED
================================================================================
Time:     2026-09-06 23:04:06
Email ID: 1589
Date:     Fri, 28 Aug 2026 07:02:50 -0700
From:     "wxs-lang" <notifications@github.com>
Subject:  [wxs-lang/webscout-mcp] Run failed: Tests - main (767a78a)

Body (first 500 chars):
[wxs-lang/webscout-mcp] Tests workflow run

Repository: wxs-lang/webscout-mcp
Workflow: Tests
Duration: 33.0 seconds
Finished: 2026-08-28 14:02:29 UTC

View results: https://github.com/wxs-lang/webscout-mcp/actions/runs/33178157998

Jobs:
  * test failed (2 annotations)

-- 
You are receiving this because you are subscribed to this thread.
Manage your GitHub Actions notifications: https://github.com/settings/notifications?email_source=notifications&email_token=CH2AHAJPU3BYXEG3LFTWE
================================================================================

================================================================================
⚠️  ERROR EMAIL DETECTED
================================================================================
Time:     2026-09-06 23:04:06
Email ID: 1590
Date:     Fri, 28 Aug 2026 07:17:09 -0700
From:     "wxs-lang" <notifications@github.com>
Subject:  [wxs-lang/webscout-mcp] Run failed: Tests - main (76a6030)

Body (first 500 chars):
[wxs-lang/webscout-mcp] Tests workflow run

Repository: wxs-lang/webscout-mcp
Workflow: Tests
Duration: 34.0 seconds
Finished: 2026-08-28 14:16:49 UTC

View results: https://github.com/wxs-lang/webscout-mcp/actions/runs/33179321192

Jobs:
  * test failed (2 annotations)

-- 
You are receiving this because you are subscribed to this thread.
Manage your GitHub Actions notifications: https://github.com/settings/notifications?email_source=notifications&email_token=CH2AHALYZ5BK45SGTNORN
================================================================================

================================================================================
⚠️  ERROR EMAIL DETECTED
================================================================================
Time:     2026-09-06 23:04:06
Email ID: 1591
Date:     Fri, 28 Aug 2026 07:32:45 -0700
From:     "wxs-lang" <notifications@github.com>
Subject:  [wxs-lang/webscout-mcp] Run failed: Tests - main (2f24c25)

Body (first 500 chars):
[wxs-lang/webscout-mcp] Tests workflow run

Repository: wxs-lang/webscout-mcp
Workflow: Tests
Duration: 30.0 seconds
Finished: 2026-08-28 14:32:25 UTC

View results: https://github.com/wxs-lang/webscout-mcp/actions/runs/33180618581

Jobs:
  * test failed (2 annotations)

-- 
You are receiving this because you are subscribed to this thread.
Manage your GitHub Actions notifications: https://github.com/settings/notifications?email_source=notifications&email_token=CH2AHAPARP7N6JFLVV3BF
================================================================================

================================================================================
⚠️  ERROR EMAIL DETECTED
================================================================================
Time:     2026-09-06 23:04:06
Email ID: 1592
Date:     Fri, 28 Aug 2026 07:48:18 -0700
From:     "wxs-lang" <notifications@github.com>
Subject:  [wxs-lang/webscout-mcp] Run failed: Tests - main (4ad49bb)

Body (first 500 chars):
[wxs-lang/webscout-mcp] Tests workflow run

Repository: wxs-lang/webscout-mcp
Workflow: Tests
Duration: 30.0 seconds
Finished: 2026-08-28 14:47:58 UTC

View results: https://github.com/wxs-lang/webscout-mcp/actions/runs/33181931217

Jobs:
  * test failed (2 annotations)

-- 
You are receiving this because you are subscribed to this thread.
Manage your GitHub Actions notifications: https://github.com/settings/notifications?email_source=notifications&email_token=CH2AHAMDBKYQ3NSJM5KU4
================================================================================

================================================================================
⚠️  ERROR EMAIL DETECTED
================================================================================
Time:     2026-09-06 23:04:06
Email ID: 1593
Date:     Fri, 28 Aug 2026 08:21:36 -0700
From:     "wxs-lang" <notifications@github.com>
Subject:  [wxs-lang/webscout-mcp] Run failed: Tests - main (7c37b37)

Body (first 500 chars):
[wxs-lang/webscout-mcp] Tests workflow run

Repository: wxs-lang/webscout-mcp
Workflow: Tests
Duration: 33.0 seconds
Finished: 2026-08-28 15:21:15 UTC

View results: https://github.com/wxs-lang/webscout-mcp/actions/runs/33184672582

Jobs:
  * test failed (2 annotations)

-- 
You are receiving this because you are subscribed to this thread.
Manage your GitHub Actions notifications: https://github.com/settings/notifications?email_source=notifications&email_token=CH2AHALKGUQ2GBYV2FBY6
================================================================================

================================================================================
⚠️  ERROR EMAIL DETECTED
================================================================================
Time:     2026-09-06 23:04:06
Email ID: 1594
Date:     Fri, 28 Aug 2026 08:35:34 -0700
From:     "wxs-lang" <notifications@github.com>
Subject:  [wxs-lang/webscout-mcp] Run failed: Tests - main (886338c)

Body (first 500 chars):
[wxs-lang/webscout-mcp] Tests workflow run

Repository: wxs-lang/webscout-mcp
Workflow: Tests
Duration: 39.0 seconds
Finished: 2026-08-28 15:35:14 UTC

View results: https://github.com/wxs-lang/webscout-mcp/actions/runs/33185812027

Jobs:
  * test failed (2 annotations)

-- 
You are receiving this because you are subscribed to this thread.
Manage your GitHub Actions notifications: https://github.com/settings/notifications?email_source=notifications&email_token=CH2AHALEHZHTDOJ7DL23Q
================================================================================

================================================================================
⚠️  ERROR EMAIL DETECTED
================================================================================
Time:     2026-09-06 23:04:06
Email ID: 1596
Date:     Fri, 28 Aug 2026 17:22:48 -0700
From:     GitHub <noreply@github.com>
Subject:  [GitHub] A personal access token (classic) has been granted
 additional scopes

Body (first 500 chars):
Hey wxs-lang!

Previously, the personal access token (classic) "webscout-mcp-push" had repo scope. It was recently updated to include additional scopes (admin:enterprise, admin:gpg_key, admin:org, admin:org_hook, admin:public_key, admin:repo_hook, admin:ssh_signing_key, audit_log, codespace, copilot, delete:packages, delete_repo, gist, notifications, project, user, workflow, write:discussion, write:network_configurations, and write:packages). Visit https://github.com/settings/tokens for more i
================================================================================

================================================================================
⚠️  ERROR EMAIL DETECTED
================================================================================
Time:     2026-09-06 23:04:07
Email ID: 1597
Date:     Fri, 28 Aug 2026 17:26:37 -0700
From:     "wxs-lang" <notifications@github.com>
Subject:  [wxs-lang/webscout-mcp] Run failed: Tests - main (027309c)

Body (first 500 chars):
[wxs-lang/webscout-mcp] Tests workflow run

Repository: wxs-lang/webscout-mcp
Workflow: Tests
Duration: 2 minutes and 44.0 seconds
Finished: 2026-08-29 00:26:16 UTC

View results: https://github.com/wxs-lang/webscout-mcp/actions/runs/33223389219

Jobs:
  * Test (Python 3.10) failed (2 annotations)
  * Test (Python 3.12) failed (2 annotations)
  * Test (Python 3.11) failed (2 annotations)
  * Coverage Report skipped (0 annotations)

-- 
You are receiving this because you are subsc
================================================================================

================================================================================
⚠️  ERROR EMAIL DETECTED
================================================================================
Time:     2026-09-06 23:04:07
Email ID: 1598
Date:     Fri, 28 Aug 2026 17:27:56 -0700
From:     "wxs-lang" <notifications@github.com>
Subject:  [wxs-lang/webscout-mcp] Run failed: Code Quality - main (027309c)

Body (first 500 chars):
[wxs-lang/webscout-mcp] Code Quality workflow run

Repository: wxs-lang/webscout-mcp
Workflow: Code Quality
Duration: 4 minutes and 4.0 seconds
Finished: 2026-08-29 00:27:36 UTC

View results: https://github.com/wxs-lang/webscout-mcp/actions/runs/33223389237

Jobs:
  * CodeQL Analysis (python) succeeded (2 annotations)
  * Security Scan (bandit) failed (2 annotations)
  * Lint (ruff) failed (13 annotations)
  * Type Check (mypy) succeeded (1 annotation)
  * Quality Summary succeede
================================================================================

================================================================================
⚠️  ERROR EMAIL DETECTED
================================================================================
Time:     2026-09-06 23:04:07
Email ID: 1599
Date:     Fri, 28 Aug 2026 17:31:46 -0700
From:     "wxs-lang" <notifications@github.com>
Subject:  [wxs-lang/webscout-mcp] Run failed: Deploy Documentation - main
 (f57aee0)

Body (first 500 chars):
[wxs-lang/webscout-mcp] Deploy Documentation workflow run

Repository: wxs-lang/webscout-mcp
Workflow: Deploy Documentation
Duration: 1 minute and 24.0 seconds
Finished: 2026-08-29 00:31:25 UTC

View results: https://github.com/wxs-lang/webscout-mcp/actions/runs/33223707413

Jobs:
  * Build Documentation succeeded (1 annotation)
  * Deploy to GitHub Pages failed (4 annotations)

-- 
You are receiving this because you are subscribed to this thread.
Manage your GitHub Actions notifi
================================================================================

================================================================================
⚠️  ERROR EMAIL DETECTED
================================================================================
Time:     2026-09-06 23:04:07
Email ID: 1600
Date:     Fri, 28 Aug 2026 17:32:16 -0700
From:     "wxs-lang" <notifications@github.com>
Subject:  [wxs-lang/webscout-mcp] Run failed: Code Quality - main (f57aee0)

Body (first 500 chars):
[wxs-lang/webscout-mcp] Code Quality workflow run

Repository: wxs-lang/webscout-mcp
Workflow: Code Quality
Duration: 1 minute and 54.0 seconds
Finished: 2026-08-29 00:31:55 UTC

View results: https://github.com/wxs-lang/webscout-mcp/actions/runs/33223707435

Jobs:
  * Type Check (mypy) succeeded (1 annotation)
  * CodeQL Analysis (python) succeeded (2 annotations)
  * Lint (ruff) failed (13 annotations)
  * Security Scan (bandit) failed (2 annotations)
  * Quality Summary succeede
================================================================================

================================================================================
⚠️  ERROR EMAIL DETECTED
================================================================================
Time:     2026-09-06 23:04:07
Email ID: 1601
Date:     Fri, 28 Aug 2026 17:33:25 -0700
From:     "wxs-lang" <notifications@github.com>
Subject:  [wxs-lang/webscout-mcp] Run failed: Tests - main (f57aee0)

Body (first 500 chars):
[wxs-lang/webscout-mcp] Tests workflow run

Repository: wxs-lang/webscout-mcp
Workflow: Tests
Duration: 3 minutes and 4.0 seconds
Finished: 2026-08-29 00:33:05 UTC

View results: https://github.com/wxs-lang/webscout-mcp/actions/runs/33223707432

Jobs:
  * Test (Python 3.10) failed (2 annotations)
  * Test (Python 3.12) failed (2 annotations)
  * Test (Python 3.11) failed (2 annotations)
  * Coverage Report skipped (0 annotations)

-- 
You are receiving this because you are subscr
================================================================================

================================================================================
⚠️  ERROR EMAIL DETECTED
================================================================================
Time:     2026-09-06 23:04:07
Email ID: 1602
Date:     Fri, 28 Aug 2026 17:45:49 -0700
From:     "wxs-lang" <notifications@github.com>
Subject:  [wxs-lang/webscout-mcp] Run failed: Code Quality - main (c0b2c0a)

Body (first 500 chars):
[wxs-lang/webscout-mcp] Code Quality workflow run

Repository: wxs-lang/webscout-mcp
Workflow: Code Quality
Duration: 1 minute and 57.0 seconds
Finished: 2026-08-29 00:45:29 UTC

View results: https://github.com/wxs-lang/webscout-mcp/actions/runs/33224373732

Jobs:
  * CodeQL Analysis (python) succeeded (2 annotations)
  * Lint (ruff) succeeded (12 annotations)
  * Type Check (mypy) succeeded (1 annotation)
  * Security Scan (bandit) failed (2 annotations)
  * Quality Summary succe
================================================================================

================================================================================
⚠️  ERROR EMAIL DETECTED
================================================================================
Time:     2026-09-06 23:04:07
Email ID: 1603
Date:     Fri, 28 Aug 2026 17:46:34 -0700
From:     "wxs-lang" <notifications@github.com>
Subject:  [wxs-lang/webscout-mcp] Run failed: Tests - main (c0b2c0a)

Body (first 500 chars):
[wxs-lang/webscout-mcp] Tests workflow run

Repository: wxs-lang/webscout-mcp
Workflow: Tests
Duration: 2 minutes and 41.0 seconds
Finished: 2026-08-29 00:46:13 UTC

View results: https://github.com/wxs-lang/webscout-mcp/actions/runs/33224373708

Jobs:
  * Test (Python 3.12) failed (2 annotations)
  * Test (Python 3.10) failed (2 annotations)
  * Test (Python 3.11) failed (2 annotations)
  * Coverage Report skipped (0 annotations)

-- 
You are receiving this because you are subsc
================================================================================

================================================================================
⚠️  ERROR EMAIL DETECTED
================================================================================
Time:     2026-09-06 23:04:08
Email ID: 1604
Date:     Fri, 28 Aug 2026 17:51:35 -0700
From:     "wxs-lang" <notifications@github.com>
Subject:  [wxs-lang/webscout-mcp] Run failed: Tests - main (20869c1)

Body (first 500 chars):
[wxs-lang/webscout-mcp] Tests workflow run

Repository: wxs-lang/webscout-mcp
Workflow: Tests
Duration: 3 minutes and 1.0 second
Finished: 2026-08-29 00:51:15 UTC

View results: https://github.com/wxs-lang/webscout-mcp/actions/runs/33224605035

Jobs:
  * Test (Python 3.10) failed (2 annotations)
  * Test (Python 3.12) failed (2 annotations)
  * Test (Python 3.11) failed (2 annotations)
  * Coverage Report skipped (0 annotations)

-- 
You are receiving this because you are subscri
================================================================================

================================================================================
⚠️  ERROR EMAIL DETECTED
================================================================================
Time:     2026-09-06 23:04:08
Email ID: 1608
Date:     Fri, 28 Aug 2026 19:40:46 -0700
From:     "wxs-lang" <notifications@github.com>
Subject:  [wxs-lang/webscout-mcp] Run failed: Code Quality - main (4b3b256)

Body (first 500 chars):
[wxs-lang/webscout-mcp] Code Quality workflow run

Repository: wxs-lang/webscout-mcp
Workflow: Code Quality
Duration: 2 minutes and 9.0 seconds
Finished: 2026-08-29 02:40:26 UTC

View results: https://github.com/wxs-lang/webscout-mcp/actions/runs/33229452372

Jobs:
  * Lint (ruff) failed (12 annotations)
  * CodeQL Analysis (python) succeeded (2 annotations)
  * Security Scan (bandit) failed (2 annotations)
  * Type Check (mypy) succeeded (1 annotation)
  * Quality Summary succeede
================================================================================

================================================================================
⚠️  ERROR EMAIL DETECTED
================================================================================
Time:     2026-09-06 23:04:08
Email ID: 1609
Date:     Fri, 28 Aug 2026 19:48:44 -0700
From:     "wxs-lang" <notifications@github.com>
Subject:  [wxs-lang/webscout-mcp] Run failed: Code Quality - main (f694d2a)

Body (first 500 chars):
[wxs-lang/webscout-mcp] Code Quality workflow run

Repository: wxs-lang/webscout-mcp
Workflow: Code Quality
Duration: 2 minutes and 14.0 seconds
Finished: 2026-08-29 02:48:24 UTC

View results: https://github.com/wxs-lang/webscout-mcp/actions/runs/33229758189

Jobs:
  * Type Check (mypy) succeeded (1 annotation)
  * CodeQL Analysis (python) succeeded (2 annotations)
  * Security Scan (bandit) failed (2 annotations)
  * Lint (ruff) failed (12 annotations)
  * Quality Summary succeed
================================================================================

================================================================================
⚠️  ERROR EMAIL DETECTED
================================================================================
Time:     2026-09-06 23:04:08
Email ID: 1610
Date:     Fri, 28 Aug 2026 20:00:48 -0700
From:     "wxs-lang" <notifications@github.com>
Subject:  [wxs-lang/webscout-mcp] Run failed: Code Quality - main (48e1d7d)

Body (first 500 chars):
[wxs-lang/webscout-mcp] Code Quality workflow run

Repository: wxs-lang/webscout-mcp
Workflow: Code Quality
Duration: 2 minutes and 6.0 seconds
Finished: 2026-08-29 03:00:28 UTC

View results: https://github.com/wxs-lang/webscout-mcp/actions/runs/33230227316

Jobs:
  * Security Scan (bandit) failed (2 annotations)
  * Type Check (mypy) succeeded (1 annotation)
  * CodeQL Analysis (python) succeeded (2 annotations)
  * Lint (ruff) failed (12 annotations)
  * Quality Summary succeede
================================================================================

================================================================================
⚠️  ERROR EMAIL DETECTED
================================================================================
Time:     2026-09-06 23:04:08
Email ID: 1611
Date:     Fri, 28 Aug 2026 20:06:43 -0700
From:     "wxs-lang" <notifications@github.com>
Subject:  [wxs-lang/webscout-mcp] Run failed: Code Quality - main (6dce4e2)

Body (first 500 chars):
[wxs-lang/webscout-mcp] Code Quality workflow run

Repository: wxs-lang/webscout-mcp
Workflow: Code Quality
Duration: 2 minutes and 13.0 seconds
Finished: 2026-08-29 03:06:22 UTC

View results: https://github.com/wxs-lang/webscout-mcp/actions/runs/33230473271

Jobs:
  * CodeQL Analysis (python) succeeded (2 annotations)
  * Type Check (mypy) succeeded (1 annotation)
  * Lint (ruff) failed (12 annotations)
  * Security Scan (bandit) failed (2 annotations)
  * Quality Summary succeed
================================================================================

================================================================================
⚠️  ERROR EMAIL DETECTED
================================================================================
Time:     2026-09-06 23:04:09
Email ID: 1612
Date:     Fri, 28 Aug 2026 20:17:43 -0700
From:     "wxs-lang" <notifications@github.com>
Subject:  [wxs-lang/webscout-mcp] Run failed: Code Quality - main (b0c851d)

Body (first 500 chars):
[wxs-lang/webscout-mcp] Code Quality workflow run

Repository: wxs-lang/webscout-mcp
Workflow: Code Quality
Duration: 2 minutes and 35.0 seconds
Finished: 2026-08-29 03:17:22 UTC

View results: https://github.com/wxs-lang/webscout-mcp/actions/runs/33230907632

Jobs:
  * Security Scan (bandit) failed (2 annotations)
  * CodeQL Analysis (python) succeeded (2 annotations)
  * Type Check (mypy) succeeded (1 annotation)
  * Lint (ruff) failed (12 annotations)
  * Quality Summary succeed
================================================================================

================================================================================
⚠️  ERROR EMAIL DETECTED
================================================================================
Time:     2026-09-06 23:04:09
Email ID: 1613
Date:     Fri, 28 Aug 2026 20:19:59 -0700
From:     "wxs-lang" <notifications@github.com>
Subject:  [wxs-lang/webscout-mcp] Run failed: Code Quality - main (7e386de)

Body (first 500 chars):
[wxs-lang/webscout-mcp] Code Quality workflow run

Repository: wxs-lang/webscout-mcp
Workflow: Code Quality
Duration: 2 minutes and 11.0 seconds
Finished: 2026-08-29 03:19:39 UTC

View results: https://github.com/wxs-lang/webscout-mcp/actions/runs/33231019562

Jobs:
  * Lint (ruff) failed (12 annotations)
  * Security Scan (bandit) failed (2 annotations)
  * CodeQL Analysis (python) succeeded (2 annotations)
  * Type Check (mypy) succeeded (1 annotation)
  * Quality Summary succeed
================================================================================

================================================================================
⚠️  ERROR EMAIL DETECTED
================================================================================
Time:     2026-09-06 23:04:09
Email ID: 1614
Date:     Fri, 28 Aug 2026 20:27:13 -0700
From:     "wxs-lang" <notifications@github.com>
Subject:  [wxs-lang/webscout-mcp] Run failed: Code Quality - main (5225f0d)

Body (first 500 chars):
[wxs-lang/webscout-mcp] Code Quality workflow run

Repository: wxs-lang/webscout-mcp
Workflow: Code Quality
Duration: 2 minutes and 30.0 seconds
Finished: 2026-08-29 03:26:52 UTC

View results: https://github.com/wxs-lang/webscout-mcp/actions/runs/33231309457

Jobs:
  * Lint (ruff) failed (12 annotations)
  * CodeQL Analysis (python) succeeded (2 annotations)
  * Security Scan (bandit) failed (2 annotations)
  * Type Check (mypy) succeeded (1 annotation)
  * Quality Summary succeed
================================================================================

================================================================================
⚠️  ERROR EMAIL DETECTED
================================================================================
Time:     2026-09-06 23:04:09
Email ID: 1615
Date:     Fri, 28 Aug 2026 20:35:54 -0700
From:     "wxs-lang" <notifications@github.com>
Subject:  [wxs-lang/webscout-mcp] Run failed: Code Quality - main (fefbb07)

Body (first 500 chars):
[wxs-lang/webscout-mcp] Code Quality workflow run

Repository: wxs-lang/webscout-mcp
Workflow: Code Quality
Duration: 2 minutes and 2.0 seconds
Finished: 2026-08-29 03:35:34 UTC

View results: https://github.com/wxs-lang/webscout-mcp/actions/runs/33231700270

Jobs:
  * CodeQL Analysis (python) succeeded (2 annotations)
  * Security Scan (bandit) failed (2 annotations)
  * Lint (ruff) failed (12 annotations)
  * Type Check (mypy) succeeded (1 annotation)
  * Quality Summary succeede
================================================================================

================================================================================
⚠️  ERROR EMAIL DETECTED
================================================================================
Time:     2026-09-06 23:04:09
Email ID: 1616
Date:     Fri, 28 Aug 2026 20:57:18 -0700
From:     "wxs-lang" <notifications@github.com>
Subject:  [wxs-lang/webscout-mcp] Run failed: Code Quality - main (c0bf186)

Body (first 500 chars):
[wxs-lang/webscout-mcp] Code Quality workflow run

Repository: wxs-lang/webscout-mcp
Workflow: Code Quality
Duration: 2 minutes and 25.0 seconds
Finished: 2026-08-29 03:56:57 UTC

View results: https://github.com/wxs-lang/webscout-mcp/actions/runs/33232539975

Jobs:
  * Security Scan (bandit) failed (2 annotations)
  * Type Check (mypy) succeeded (1 annotation)
  * CodeQL Analysis (python) succeeded (2 annotations)
  * Lint (ruff) failed (12 annotations)
  * Quality Summary succeed
================================================================================

================================================================================
⚠️  ERROR EMAIL DETECTED
================================================================================
Time:     2026-09-06 23:04:09
Email ID: 1617
Date:     Fri, 28 Aug 2026 21:01:09 -0700
From:     "wxs-lang" <notifications@github.com>
Subject:  [wxs-lang/webscout-mcp] Run failed: Code Quality - main (f8d9101)

Body (first 500 chars):
[wxs-lang/webscout-mcp] Code Quality workflow run

Repository: wxs-lang/webscout-mcp
Workflow: Code Quality
Duration: 2 minutes and 12.0 seconds
Finished: 2026-08-29 04:00:49 UTC

View results: https://github.com/wxs-lang/webscout-mcp/actions/runs/33232690047

Jobs:
  * CodeQL Analysis (python) succeeded (2 annotations)
  * Lint (ruff) failed (12 annotations)
  * Type Check (mypy) succeeded (1 annotation)
  * Security Scan (bandit) failed (2 annotations)
  * Quality Summary succeed
================================================================================

================================================================================
⚠️  ERROR EMAIL DETECTED
================================================================================
Time:     2026-09-06 23:04:09
Email ID: 1618
Date:     Fri, 28 Aug 2026 21:05:36 -0700
From:     "wxs-lang" <notifications@github.com>
Subject:  [wxs-lang/webscout-mcp] Run failed: Code Quality - main (303fda9)

Body (first 500 chars):
[wxs-lang/webscout-mcp] Code Quality workflow run

Repository: wxs-lang/webscout-mcp
Workflow: Code Quality
Duration: 2 minutes and 16.0 seconds
Finished: 2026-08-29 04:05:16 UTC

View results: https://github.com/wxs-lang/webscout-mcp/actions/runs/33232871361

Jobs:
  * Lint (ruff) failed (12 annotations)
  * Type Check (mypy) succeeded (1 annotation)
  * CodeQL Analysis (python) succeeded (2 annotations)
  * Security Scan (bandit) failed (2 annotations)
  * Quality Summary succeed
================================================================================

================================================================================
⚠️  ERROR EMAIL DETECTED
================================================================================
Time:     2026-09-06 23:04:10
Email ID: 1619
Date:     Fri, 28 Aug 2026 22:17:08 -0700
From:     "wxs-lang" <notifications@github.com>
Subject:  [wxs-lang/webscout-mcp] Run failed: Code Quality - main (3e00512)

Body (first 500 chars):
[wxs-lang/webscout-mcp] Code Quality workflow run

Repository: wxs-lang/webscout-mcp
Workflow: Code Quality
Duration: 2 minutes
Finished: 2026-08-29 05:16:47 UTC

View results: https://github.com/wxs-lang/webscout-mcp/actions/runs/33235707937

Jobs:
  * Type Check (mypy) succeeded (1 annotation)
  * CodeQL Analysis (python) succeeded (2 annotations)
  * Lint (ruff) failed (12 annotations)
  * Security Scan (bandit) failed (2 annotations)
  * Quality Summary succeeded (0 annotations
================================================================================

================================================================================
⚠️  ERROR EMAIL DETECTED
================================================================================
Time:     2026-09-06 23:04:10
Email ID: 1620
Date:     Fri, 28 Aug 2026 22:21:17 -0700
From:     "wxs-lang" <notifications@github.com>
Subject:  [wxs-lang/webscout-mcp] Run failed: Code Quality - main (485f175)

Body (first 500 chars):
[wxs-lang/webscout-mcp] Code Quality workflow run

Repository: wxs-lang/webscout-mcp
Workflow: Code Quality
Duration: 2 minutes and 10.0 seconds
Finished: 2026-08-29 05:20:57 UTC

View results: https://github.com/wxs-lang/webscout-mcp/actions/runs/33235870173

Jobs:
  * Security Scan (bandit) failed (2 annotations)
  * CodeQL Analysis (python) succeeded (2 annotations)
  * Type Check (mypy) succeeded (1 annotation)
  * Lint (ruff) failed (12 annotations)
  * Quality Summary succeed
================================================================================

================================================================================
⚠️  ERROR EMAIL DETECTED
================================================================================
Time:     2026-09-06 23:04:10
Email ID: 1621
Date:     Fri, 28 Aug 2026 22:41:51 -0700
From:     "wxs-lang" <notifications@github.com>
Subject:  [wxs-lang/webscout-mcp] Run failed: Code Quality - main (b80aa33)

Body (first 500 chars):
[wxs-lang/webscout-mcp] Code Quality workflow run

Repository: wxs-lang/webscout-mcp
Workflow: Code Quality
Duration: 2 minutes and 16.0 seconds
Finished: 2026-08-29 05:41:31 UTC

View results: https://github.com/wxs-lang/webscout-mcp/actions/runs/33236665106

Jobs:
  * Lint (ruff) succeeded (2 annotations)
  * Security Scan (bandit) failed (2 annotations)
  * CodeQL Analysis (python) succeeded (2 annotations)
  * Type Check (mypy) succeeded (1 annotation)
  * Quality Summary succe
================================================================================

================================================================================
⚠️  ERROR EMAIL DETECTED
================================================================================
Time:     2026-09-06 23:04:10
Email ID: 1622
Date:     Fri, 28 Aug 2026 22:59:52 -0700
From:     "wxs-lang" <notifications@github.com>
Subject:  [wxs-lang/webscout-mcp] Run failed: Code Quality - main (c9ad2e8)

Body (first 500 chars):
[wxs-lang/webscout-mcp] Code Quality workflow run

Repository: wxs-lang/webscout-mcp
Workflow: Code Quality
Duration: 2 minutes and 22.0 seconds
Finished: 2026-08-29 05:59:32 UTC

View results: https://github.com/wxs-lang/webscout-mcp/actions/runs/33237326351

Jobs:
  * CodeQL Analysis (python) succeeded (2 annotations)
  * Security Scan (bandit) failed (2 annotations)
  * Lint (ruff) succeeded (2 annotations)
  * Type Check (mypy) succeeded (1 annotation)
  * Quality Summary succe
================================================================================

================================================================================
⚠️  ERROR EMAIL DETECTED
================================================================================
Time:     2026-09-06 23:04:10
Email ID: 1623
Date:     Fri, 28 Aug 2026 23:23:34 -0700
From:     "wxs-lang" <notifications@github.com>
Subject:  [wxs-lang/webscout-mcp] Run failed: Code Quality - main (1e6c326)

Body (first 500 chars):
[wxs-lang/webscout-mcp] Code Quality workflow run

Repository: wxs-lang/webscout-mcp
Workflow: Code Quality
Duration: 2 minutes and 22.0 seconds
Finished: 2026-08-29 06:23:14 UTC

View results: https://github.com/wxs-lang/webscout-mcp/actions/runs/33238245480

Jobs:
  * Type Check (mypy) succeeded (1 annotation)
  * Security Scan (bandit) failed (2 annotations)
  * CodeQL Analysis (python) succeeded (2 annotations)
  * Lint (ruff) succeeded (2 annotations)
  * Quality Summary succe
================================================================================

================================================================================
⚠️  ERROR EMAIL DETECTED
================================================================================
Time:     2026-09-06 23:04:10
Email ID: 1624
Date:     Fri, 28 Aug 2026 23:55:12 -0700
From:     "wxs-lang" <notifications@github.com>
Subject:  [wxs-lang/webscout-mcp] Run failed: Code Quality - main (7300f2c)

Body (first 500 chars):
[wxs-lang/webscout-mcp] Code Quality workflow run

Repository: wxs-lang/webscout-mcp
Workflow: Code Quality
Duration: 2 minutes and 31.0 seconds
Finished: 2026-08-29 06:54:52 UTC

View results: https://github.com/wxs-lang/webscout-mcp/actions/runs/33239512254

Jobs:
  * Lint (ruff) succeeded (2 annotations)
  * Security Scan (bandit) failed (2 annotations)
  * CodeQL Analysis (python) succeeded (2 annotations)
  * Type Check (mypy) succeeded (1 annotation)
  * Quality Summary succe
================================================================================

================================================================================
⚠️  ERROR EMAIL DETECTED
================================================================================
Time:     2026-09-06 23:04:11
Email ID: 1625
Date:     Sat, 29 Aug 2026 00:01:08 -0700
From:     "wxs-lang" <notifications@github.com>
Subject:  [wxs-lang/webscout-mcp] Run failed: Code Quality - main (01544f0)

Body (first 500 chars):
[wxs-lang/webscout-mcp] Code Quality workflow run

Repository: wxs-lang/webscout-mcp
Workflow: Code Quality
Duration: 2 minutes and 19.0 seconds
Finished: 2026-08-29 07:00:47 UTC

View results: https://github.com/wxs-lang/webscout-mcp/actions/runs/33239735644

Jobs:
  * Security Scan (bandit) failed (2 annotations)
  * CodeQL Analysis (python) succeeded (2 annotations)
  * Lint (ruff) succeeded (2 annotations)
  * Type Check (mypy) succeeded (1 annotation)
  * Quality Summary succe
================================================================================

================================================================================
⚠️  ERROR EMAIL DETECTED
================================================================================
Time:     2026-09-06 23:04:11
Email ID: 1626
Date:     Sat, 29 Aug 2026 00:08:12 -0700
From:     "wxs-lang" <notifications@github.com>
Subject:  [wxs-lang/webscout-mcp] Run failed: Code Quality - main (f588ad6)

Body (first 500 chars):
[wxs-lang/webscout-mcp] Code Quality workflow run

Repository: wxs-lang/webscout-mcp
Workflow: Code Quality
Duration: 2 minutes and 25.0 seconds
Finished: 2026-08-29 07:07:52 UTC

View results: https://github.com/wxs-lang/webscout-mcp/actions/runs/33240018017

Jobs:
  * CodeQL Analysis (python) succeeded (2 annotations)
  * Security Scan (bandit) failed (2 annotations)
  * Lint (ruff) succeeded (2 annotations)
  * Type Check (mypy) succeeded (1 annotation)
  * Quality Summary succe
================================================================================

================================================================================
⚠️  ERROR EMAIL DETECTED
================================================================================
Time:     2026-09-06 23:04:11
Email ID: 1627
Date:     Sat, 29 Aug 2026 00:15:03 -0700
From:     "wxs-lang" <notifications@github.com>
Subject:  [wxs-lang/webscout-mcp] Run failed: Code Quality - main (f95c296)

Body (first 500 chars):
[wxs-lang/webscout-mcp] Code Quality workflow run

Repository: wxs-lang/webscout-mcp
Workflow: Code Quality
Duration: 2 minutes and 26.0 seconds
Finished: 2026-08-29 07:14:42 UTC

View results: https://github.com/wxs-lang/webscout-mcp/actions/runs/33240290642

Jobs:
  * Type Check (mypy) succeeded (1 annotation)
  * CodeQL Analysis (python) succeeded (2 annotations)
  * Lint (ruff) failed (3 annotations)
  * Security Scan (bandit) failed (2 annotations)
  * Quality Summary succeede
================================================================================

================================================================================
⚠️  ERROR EMAIL DETECTED
================================================================================
Time:     2026-09-06 23:04:11
Email ID: 1628
Date:     Sat, 29 Aug 2026 00:18:08 -0700
From:     "wxs-lang" <notifications@github.com>
Subject:  [wxs-lang/webscout-mcp] Run failed: Code Quality - main (2957322)

Body (first 500 chars):
[wxs-lang/webscout-mcp] Code Quality workflow run

Repository: wxs-lang/webscout-mcp
Workflow: Code Quality
Duration: 2 minutes and 13.0 seconds
Finished: 2026-08-29 07:17:48 UTC

View results: https://github.com/wxs-lang/webscout-mcp/actions/runs/33240418624

Jobs:
  * CodeQL Analysis (python) succeeded (2 annotations)
  * Type Check (mypy) succeeded (1 annotation)
  * Lint (ruff) failed (3 annotations)
  * Security Scan (bandit) failed (2 annotations)
  * Quality Summary succeede
================================================================================

================================================================================
⚠️  ERROR EMAIL DETECTED
================================================================================
Time:     2026-09-06 23:04:11
Email ID: 1629
Date:     Sat, 29 Aug 2026 00:47:00 -0700
From:     "wxs-lang" <notifications@github.com>
Subject:  [wxs-lang/webscout-mcp] Run failed: Code Quality - main (bb17235)

Body (first 500 chars):
[wxs-lang/webscout-mcp] Code Quality workflow run

Repository: wxs-lang/webscout-mcp
Workflow: Code Quality
Duration: 2 minutes and 28.0 seconds
Finished: 2026-08-29 07:46:40 UTC

View results: https://github.com/wxs-lang/webscout-mcp/actions/runs/33241524768

Jobs:
  * Type Check (mypy) succeeded (1 annotation)
  * Security Scan (bandit) failed (2 annotations)
  * Lint (ruff) succeeded (2 annotations)
  * CodeQL Analysis (python) succeeded (2 annotations)
  * Quality Summary succe
================================================================================

================================================================================
⚠️  ERROR EMAIL DETECTED
================================================================================
Time:     2026-09-06 23:04:11
Email ID: 1630
Date:     Sat, 29 Aug 2026 00:50:59 -0700
From:     "wxs-lang" <notifications@github.com>
Subject:  [wxs-lang/webscout-mcp] Run failed: Code Quality - main (a8a56fa)

Body (first 500 chars):
[wxs-lang/webscout-mcp] Code Quality workflow run

Repository: wxs-lang/webscout-mcp
Workflow: Code Quality
Duration: 2 minutes and 15.0 seconds
Finished: 2026-08-29 07:50:39 UTC

View results: https://github.com/wxs-lang/webscout-mcp/actions/runs/33241687995

Jobs:
  * Type Check (mypy) succeeded (1 annotation)
  * Lint (ruff) succeeded (2 annotations)
  * Security Scan (bandit) failed (2 annotations)
  * CodeQL Analysis (python) succeeded (2 annotations)
  * Quality Summary succe
================================================================================

================================================================================
⚠️  ERROR EMAIL DETECTED
================================================================================
Time:     2026-09-06 23:04:11
Email ID: 1631
Date:     Sat, 29 Aug 2026 01:01:17 -0700
From:     "wxs-lang" <notifications@github.com>
Subject:  [wxs-lang/webscout-mcp] Run failed: Code Quality - main (f9ce491)

Body (first 500 chars):
[wxs-lang/webscout-mcp] Code Quality workflow run

Repository: wxs-lang/webscout-mcp
Workflow: Code Quality
Duration: 2 minutes and 32.0 seconds
Finished: 2026-08-29 08:00:57 UTC

View results: https://github.com/wxs-lang/webscout-mcp/actions/runs/33242049836

Jobs:
  * Type Check (mypy) succeeded (1 annotation)
  * CodeQL Analysis (python) succeeded (2 annotations)
  * Security Scan (bandit) failed (2 annotations)
  * Lint (ruff) succeeded (2 annotations)
  * Quality Summary succe
================================================================================

================================================================================
⚠️  ERROR EMAIL DETECTED
================================================================================
Time:     2026-09-06 23:04:13
Email ID: 1643
Date:     Sat, 29 Aug 2026 02:40:21 -0700
From:     "wxs-lang" <notifications@github.com>
Subject:  [wxs-lang/webscout-mcp] Run failed: Tests - main (4a0d6a3)

Body (first 500 chars):
[wxs-lang/webscout-mcp] Tests workflow run

Repository: wxs-lang/webscout-mcp
Workflow: Tests
Duration: 10 minutes and 20.0 seconds
Finished: 2026-08-29 09:40:00 UTC

View results: https://github.com/wxs-lang/webscout-mcp/actions/runs/33245615602

Jobs:
  * Unit Tests (Python 3.10) failed (2 annotations)
  * Integration Tests (Python 3.11) cancelled (3 annotations)
  * Fault Injection Tests succeeded (1 annotation)
  * Unit Tests (Python 3.11) failed (2 annotations)
  * Integration
================================================================================

================================================================================
⚠️  ERROR EMAIL DETECTED
================================================================================
Time:     2026-09-06 23:04:13
Email ID: 1645
Date:     Sat, 29 Aug 2026 02:54:14 -0700
From:     "wxs-lang" <notifications@github.com>
Subject:  [wxs-lang/webscout-mcp] Run failed: Code Quality - main (21b0bf3)

Body (first 500 chars):
[wxs-lang/webscout-mcp] Code Quality workflow run

Repository: wxs-lang/webscout-mcp
Workflow: Code Quality
Duration: 2 minutes and 17.0 seconds
Finished: 2026-08-29 09:53:54 UTC

View results: https://github.com/wxs-lang/webscout-mcp/actions/runs/33246463396

Jobs:
  * Lint (ruff) failed (4 annotations)
  * CodeQL Analysis (python) succeeded (2 annotations)
  * Type Check (mypy) succeeded (1 annotation)
  * Security Scan (bandit) succeeded (1 annotation)
  * Quality Summary succee
================================================================================

================================================================================
⚠️  ERROR EMAIL DETECTED
================================================================================
Time:     2026-09-06 23:04:13
Email ID: 1647
Date:     Sat, 29 Aug 2026 03:02:34 -0700
From:     "wxs-lang" <notifications@github.com>
Subject:  [wxs-lang/webscout-mcp] Run failed: Tests - main (21b0bf3)

Body (first 500 chars):
[wxs-lang/webscout-mcp] Tests workflow run

Repository: wxs-lang/webscout-mcp
Workflow: Tests
Duration: 10 minutes and 37.0 seconds
Finished: 2026-08-29 10:02:14 UTC

View results: https://github.com/wxs-lang/webscout-mcp/actions/runs/33246463419

Jobs:
  * MCP E2E Tests succeeded (1 annotation)
  * Fault Injection Tests succeeded (1 annotation)
  * Integration Tests (Python 3.11) cancelled (3 annotations)
  * Unit Tests (Python 3.12) failed (2 annotations)
  * Unit Tests (Python 3
================================================================================

================================================================================
⚠️  ERROR EMAIL DETECTED
================================================================================
Time:     2026-09-06 23:04:13
Email ID: 1649
Date:     Sat, 29 Aug 2026 09:28:26 -0700
From:     "wxs-lang" <notifications@github.com>
Subject:  [wxs-lang/webscout-mcp] PR run failed: Code Quality - fix: resolve
 CI stability issues and align release gate with branch protection (3c15978)

Body (first 500 chars):
[wxs-lang/webscout-mcp] Code Quality workflow run

Repository: wxs-lang/webscout-mcp
Workflow: Code Quality
Duration: 2 minutes and 21.0 seconds
Finished: 2026-08-29 16:28:06 UTC

View results: https://github.com/wxs-lang/webscout-mcp/actions/runs/33262940763

Jobs:
  * CodeQL Analysis (python) succeeded (2 annotations)
  * Lint (ruff) failed (3 annotations)
  * Security Scan (bandit) succeeded (1 annotation)
  * Type Check (mypy) succeeded (1 annotation)
  * Quality Summary succee
================================================================================

================================================================================
⚠️  ERROR EMAIL DETECTED
================================================================================
Time:     2026-09-06 23:04:13
Email ID: 1650
Date:     Sat, 29 Aug 2026 09:31:08 -0700
From:     "wxs-lang" <notifications@github.com>
Subject:  [wxs-lang/webscout-mcp] PR run failed: Tests - fix: resolve CI
 stability issues and align release gate with branch protection (3c15978)

Body (first 500 chars):
[wxs-lang/webscout-mcp] Tests workflow run

Repository: wxs-lang/webscout-mcp
Workflow: Tests
Duration: 5 minutes and 3.0 seconds
Finished: 2026-08-29 16:30:48 UTC

View results: https://github.com/wxs-lang/webscout-mcp/actions/runs/33262940756

Jobs:
  * MCP E2E Tests succeeded (1 annotation)
  * Unit Tests (Python 3.10) succeeded (1 annotation)
  * Integration Tests (Python 3.10) succeeded (1 annotation)
  * Unit Tests (Python 3.11) succeeded (1 annotation)
  * Fault Injection Te
================================================================================

================================================================================
⚠️  ERROR EMAIL DETECTED
================================================================================
Time:     2026-09-06 23:04:14
Email ID: 1651
Date:     Sat, 29 Aug 2026 09:34:50 -0700
From:     "wxs-lang" <notifications@github.com>
Subject:  [wxs-lang/webscout-mcp] PR run failed: Code Quality - fix: resolve
 CI stability issues and align release gate with branch protection (b7a6616)

Body (first 500 chars):
[wxs-lang/webscout-mcp] Code Quality workflow run

Repository: wxs-lang/webscout-mcp
Workflow: Code Quality
Duration: 2 minutes and 4.0 seconds
Finished: 2026-08-29 16:34:29 UTC

View results: https://github.com/wxs-lang/webscout-mcp/actions/runs/33263248586

Jobs:
  * CodeQL Analysis (python) succeeded (2 annotations)
  * Security Scan (bandit) succeeded (1 annotation)
  * Type Check (mypy) succeeded (1 annotation)
  * Lint (ruff) failed (3 annotations)
  * Quality Summary succeed
================================================================================

================================================================================
⚠️  ERROR EMAIL DETECTED
================================================================================
Time:     2026-09-06 23:04:14
Email ID: 1652
Date:     Sat, 29 Aug 2026 09:37:45 -0700
From:     "wxs-lang" <notifications@github.com>
Subject:  [wxs-lang/webscout-mcp] PR run failed: Tests - fix: resolve CI
 stability issues and align release gate with branch protection (b7a6616)

Body (first 500 chars):
[wxs-lang/webscout-mcp] Tests workflow run

Repository: wxs-lang/webscout-mcp
Workflow: Tests
Duration: 4 minutes and 59.0 seconds
Finished: 2026-08-29 16:37:24 UTC

View results: https://github.com/wxs-lang/webscout-mcp/actions/runs/33263248584

Jobs:
  * Fault Injection Tests succeeded (1 annotation)
  * Integration Tests (Python 3.10) succeeded (1 annotation)
  * Unit Tests (Python 3.12) succeeded (1 annotation)
  * Integration Tests (Python 3.11) succeeded (1 annotation)
  * MC
================================================================================

================================================================================
⚠️  ERROR EMAIL DETECTED
================================================================================
Time:     2026-09-06 23:04:14
Email ID: 1653
Date:     Sat, 29 Aug 2026 09:46:51 -0700
From:     "wxs-lang" <notifications@github.com>
Subject:  [wxs-lang/webscout-mcp] PR run failed: Tests - fix: resolve CI
 stability issues and align release gate with branch protection (a148252)

Body (first 500 chars):
[wxs-lang/webscout-mcp] Tests workflow run

Repository: wxs-lang/webscout-mcp
Workflow: Tests
Duration: 7 minutes and 2.0 seconds
Finished: 2026-08-29 16:46:31 UTC

View results: https://github.com/wxs-lang/webscout-mcp/actions/runs/33263569278

Jobs:
  * Fault Injection Tests succeeded (1 annotation)
  * Integration Tests (Python 3.11) succeeded (1 annotation)
  * Unit Tests (Python 3.11) succeeded (1 annotation)
  * Integration Tests (Python 3.10) succeeded (1 annotation)
  * MCP
================================================================================

================================================================================
⚠️  ERROR EMAIL DETECTED
================================================================================
Time:     2026-09-06 23:04:14
Email ID: 1654
Date:     Sat, 29 Aug 2026 09:50:22 -0700
From:     "wxs-lang" <notifications@github.com>
Subject:  [wxs-lang/webscout-mcp] Run failed: Tests - main (8bf001a)

Body (first 500 chars):
[wxs-lang/webscout-mcp] Tests workflow run

Repository: wxs-lang/webscout-mcp
Workflow: Tests
Duration: 5 minutes and 1.0 second
Finished: 2026-08-29 16:50:01 UTC

View results: https://github.com/wxs-lang/webscout-mcp/actions/runs/33263805120

Jobs:
  * Fault Injection Tests succeeded (1 annotation)
  * MCP E2E Tests succeeded (1 annotation)
  * Unit Tests (Python 3.11) succeeded (1 annotation)
  * Integration Tests (Python 3.10) succeeded (1 annotation)
  * Unit Tests (Python 3.1
================================================================================

================================================================================
⚠️  ERROR EMAIL DETECTED
================================================================================
Time:     2026-09-06 23:04:14
Email ID: 1655
Date:     Sat, 29 Aug 2026 09:59:05 -0700
From:     "github-advanced-security[bot]" <notifications@github.com>
Subject:  Re: [wxs-lang/webscout-mcp] fix: exclude live tests from coverage
 report (PR #3)

Body (first 500 chars):
@github-advanced-security[bot] commented on this pull request.



> +            current_loop = asyncio.get_running_loop()
+        except RuntimeError:
+            current_loop = None
+
+        needs_new_client = (
+            self._client is None
+            or self._client.is_closed
+            or self._client_loop is not current_loop
+        )
+
+        if needs_new_client:
+            # Close old client if it exists
+            if self._client and not self._client.i
================================================================================

================================================================================
⚠️  ERROR EMAIL DETECTED
================================================================================
Time:     2026-09-06 23:04:14
Email ID: 1656
Date:     Sat, 29 Aug 2026 10:00:12 -0700
From:     "wxs-lang" <notifications@github.com>
Subject:  [wxs-lang/webscout-mcp] PR run failed: Code Quality - fix: exclude
 live tests from coverage report (cc41314)

Body (first 500 chars):
[wxs-lang/webscout-mcp] Code Quality workflow run

Repository: wxs-lang/webscout-mcp
Workflow: Code Quality
Duration: 2 minutes and 24.0 seconds
Finished: 2026-08-29 16:59:52 UTC

View results: https://github.com/wxs-lang/webscout-mcp/actions/runs/33264348651

Jobs:
  * CodeQL Analysis (python) succeeded (2 annotations)
  * Lint (ruff) failed (3 annotations)
  * Security Scan (bandit) succeeded (1 annotation)
  * Type Check (mypy) succeeded (1 annotation)
  * Quality Summary succee
================================================================================

================================================================================
⚠️  ERROR EMAIL DETECTED
================================================================================
Time:     2026-09-06 23:04:15
Email ID: 1658
Date:     Sat, 29 Aug 2026 10:02:46 -0700
From:     "wxs-lang" <notifications@github.com>
Subject:  [wxs-lang/webscout-mcp] PR run failed: Tests - fix: exclude live
 tests from coverage report (cc41314)

Body (first 500 chars):
[wxs-lang/webscout-mcp] Tests workflow run

Repository: wxs-lang/webscout-mcp
Workflow: Tests
Duration: 4 minutes and 58.0 seconds
Finished: 2026-08-29 17:02:26 UTC

View results: https://github.com/wxs-lang/webscout-mcp/actions/runs/33264348654

Jobs:
  * Unit Tests (Python 3.10) succeeded (1 annotation)
  * MCP E2E Tests succeeded (1 annotation)
  * Integration Tests (Python 3.10) succeeded (1 annotation)
  * Fault Injection Tests succeeded (1 annotation)
  * Integration Tests (P
================================================================================

================================================================================
⚠️  ERROR EMAIL DETECTED
================================================================================
Time:     2026-09-06 23:04:15
Email ID: 1659
Date:     Sat, 29 Aug 2026 10:08:34 -0700
From:     "wxs-lang" <notifications@github.com>
Subject:  [wxs-lang/webscout-mcp] PR run failed: Tests - fix: exclude live
 tests from coverage report (ef7d63d)

Body (first 500 chars):
[wxs-lang/webscout-mcp] Tests workflow run

Repository: wxs-lang/webscout-mcp
Workflow: Tests
Duration: 4 minutes and 53.0 seconds
Finished: 2026-08-29 17:08:14 UTC

View results: https://github.com/wxs-lang/webscout-mcp/actions/runs/33264612064

Jobs:
  * Fault Injection Tests succeeded (1 annotation)
  * MCP E2E Tests succeeded (1 annotation)
  * Integration Tests (Python 3.10) succeeded (1 annotation)
  * Unit Tests (Python 3.10) succeeded (1 annotation)
  * Integration Tests (P
================================================================================

================================================================================
⚠️  ERROR EMAIL DETECTED
================================================================================
Time:     2026-09-06 23:04:15
Email ID: 1660
Date:     Sat, 29 Aug 2026 10:15:00 -0700
From:     "wxs-lang" <notifications@github.com>
Subject:  [wxs-lang/webscout-mcp] Run failed: Tests - main (11746bd)

Body (first 500 chars):
[wxs-lang/webscout-mcp] Tests workflow run

Repository: wxs-lang/webscout-mcp
Workflow: Tests
Duration: 5 minutes and 48.0 seconds
Finished: 2026-08-29 17:14:40 UTC

View results: https://github.com/wxs-lang/webscout-mcp/actions/runs/33264861482

Jobs:
  * Unit Tests (Python 3.11) succeeded (1 annotation)
  * Unit Tests (Python 3.10) succeeded (1 annotation)
  * Fault Injection Tests succeeded (1 annotation)
  * Integration Tests (Python 3.11) succeeded (1 annotation)
  * MCP E2E T
================================================================================

================================================================================
⚠️  ERROR EMAIL DETECTED
================================================================================
Time:     2026-09-06 23:04:15
Email ID: 1664
Date:     Sat, 29 Aug 2026 22:08:08 -0700
From:     "wxs-lang" <notifications@github.com>
Subject:  [wxs-lang/webscout-mcp] Run failed: Live Network Tests - main
 (51030ad)

Body (first 500 chars):
[wxs-lang/webscout-mcp] Live Network Tests workflow run

Repository: wxs-lang/webscout-mcp
Workflow: Live Network Tests
Duration: 1 minute and 56.0 seconds
Finished: 2026-08-30 05:07:47 UTC

View results: https://github.com/wxs-lang/webscout-mcp/actions/runs/33293932617

Jobs:
  * Live Network Tests failed (2 annotations)

-- 
You are receiving this because you are subscribed to this thread.
Manage your GitHub Actions notifications: https://github.com/settings/notifications?email_s
================================================================================

================================================================================
⚠️  ERROR EMAIL DETECTED
================================================================================
Time:     2026-09-06 23:04:15
Email ID: 1665
Date:     Sat, 29 Aug 2026 23:25:13 -0700
From:     "wxs-lang" <notifications@github.com>
Subject:  [wxs-lang/webscout-mcp] PR run failed: Tests - fix: remove
 unrecognized --run-live argument from live tests (ee9ee9a)

Body (first 500 chars):
[wxs-lang/webscout-mcp] Tests workflow run

Repository: wxs-lang/webscout-mcp
Workflow: Tests
Duration: 2 minutes and 23.0 seconds
Finished: 2026-08-30 06:24:52 UTC

View results: https://github.com/wxs-lang/webscout-mcp/actions/runs/33296743561

Jobs:
  * Fault Injection Tests succeeded (1 annotation)
  * Unit Tests (Python 3.11) succeeded (1 annotation)
  * MCP E2E Tests succeeded (1 annotation)
  * Unit Tests (Python 3.10) succeeded (1 annotation)
  * Integration Tests (Python 3
================================================================================

================================================================================
⚠️  ERROR EMAIL DETECTED
================================================================================
Time:     2026-09-06 23:04:16
Email ID: 1666
Date:     Sat, 29 Aug 2026 23:32:07 -0700
From:     "wxs-lang" <notifications@github.com>
Subject:  [wxs-lang/webscout-mcp] PR run failed: Code Quality - fix: remove
 unrecognized --run-live argument from live tests (98ad2b1)

Body (first 500 chars):
[wxs-lang/webscout-mcp] Code Quality workflow run

Repository: wxs-lang/webscout-mcp
Workflow: Code Quality
Duration: 2 minutes and 14.0 seconds
Finished: 2026-08-30 06:31:47 UTC

View results: https://github.com/wxs-lang/webscout-mcp/actions/runs/33297008442

Jobs:
  * Lint (ruff) failed (3 annotations)
  * Type Check (mypy) succeeded (1 annotation)
  * CodeQL Analysis (python) succeeded (2 annotations)
  * Security Scan (bandit) succeeded (1 annotation)
  * Quality Summary succee
================================================================================

================================================================================
⚠️  ERROR EMAIL DETECTED
================================================================================
Time:     2026-09-06 23:04:16
Email ID: 1668
Date:     Sun, 30 Aug 2026 09:55:46 -0700
From:     "github-advanced-security[bot]" <notifications@github.com>
Subject:  Re: [wxs-lang/webscout-mcp] enhance: live fetch uses real WebScout
 Fetcher + forced Bing failure -> DDG fallback test (PR #8)

Body (first 500 chars):
@github-advanced-security[bot] commented on this pull request.



> @@ -143,6 +153,35 @@
             json.dump(self.to_dict(), f, indent=2, ensure_ascii=False)
 
 
+# ============================================================
+# Mock provider for forced failure testing
+# ============================================================
+class AlwaysFailingProvider(SearchProvider):

## CodeQL / Missing call to superclass `__init__` during object initialization

This class does not c
================================================================================

================================================================================
⚠️  ERROR EMAIL DETECTED
================================================================================
Time:     2026-09-06 23:04:16
Email ID: 1669
Date:     Sun, 30 Aug 2026 10:01:51 -0700
From:     "wxs-lang" <notifications@github.com>
Subject:  [wxs-lang/webscout-mcp] Run failed: Live Network Tests - main
 (768a218)

Body (first 500 chars):
[wxs-lang/webscout-mcp] Live Network Tests workflow run

Repository: wxs-lang/webscout-mcp
Workflow: Live Network Tests
Duration: 2 minutes and 12.0 seconds
Finished: 2026-08-30 17:01:31 UTC

View results: https://github.com/wxs-lang/webscout-mcp/actions/runs/33323968106

Jobs:
  * Live Network Tests failed (2 annotations)

-- 
You are receiving this because you are subscribed to this thread.
Manage your GitHub Actions notifications: https://github.com/settings/notifications?email_
================================================================================

================================================================================
⚠️  ERROR EMAIL DETECTED
================================================================================
Time:     2026-09-06 23:04:16
Email ID: 1670
Date:     Sun, 30 Aug 2026 10:19:05 -0700
From:     "wxs-lang" <notifications@github.com>
Subject:  [wxs-lang/webscout-mcp] Run failed: Live Network Tests - main
 (22ba491)

Body (first 500 chars):
[wxs-lang/webscout-mcp] Live Network Tests workflow run

Repository: wxs-lang/webscout-mcp
Workflow: Live Network Tests
Duration: 2 minutes and 18.0 seconds
Finished: 2026-08-30 17:18:44 UTC

View results: https://github.com/wxs-lang/webscout-mcp/actions/runs/33324793946

Jobs:
  * Live Network Tests failed (2 annotations)

-- 
You are receiving this because you are subscribed to this thread.
Manage your GitHub Actions notifications: https://github.com/settings/notifications?email_
================================================================================

================================================================================
⚠️  ERROR EMAIL DETECTED
================================================================================
Time:     2026-09-06 23:04:16
Email ID: 1672
Date:     Sun, 30 Aug 2026 18:10:57 -0700
From:     "wxs-lang" <notifications@github.com>
Subject:  [wxs-lang/webscout-mcp] PR run failed: Tests - fix: split MCP E2E
 into deterministic (required CI) and live (scheduled) tests (69a2b39)

Body (first 500 chars):
[wxs-lang/webscout-mcp] Tests workflow run

Repository: wxs-lang/webscout-mcp
Workflow: Tests
Duration: 2 minutes and 23.0 seconds
Finished: 2026-08-31 01:10:36 UTC

View results: https://github.com/wxs-lang/webscout-mcp/actions/runs/33346652530

Jobs:
  * MCP E2E Tests succeeded (1 annotation)
  * Unit Tests (Python 3.12) failed (2 annotations)
  * Integration Tests (Python 3.11) succeeded (1 annotation)
  * Unit Tests (Python 3.11) failed (2 annotations)
  * Integration Tests (Py
================================================================================

================================================================================
⚠️  ERROR EMAIL DETECTED
================================================================================
Time:     2026-09-06 23:04:16
Email ID: 1673
Date:     Sun, 30 Aug 2026 18:12:13 -0700
From:     "wxs-lang" <notifications@github.com>
Subject:  [wxs-lang/webscout-mcp] PR run failed: Tests - enhance: live test
 now tracks detailed DuckDuckGo fallback metrics (50150f3)

Body (first 500 chars):
[wxs-lang/webscout-mcp] Tests workflow run

Repository: wxs-lang/webscout-mcp
Workflow: Tests
Duration: 2 minutes and 38.0 seconds
Finished: 2026-08-31 01:11:53 UTC

View results: https://github.com/wxs-lang/webscout-mcp/actions/runs/33346706537

Jobs:
  * Integration Tests (Python 3.11) succeeded (1 annotation)
  * Unit Tests (Python 3.12) failed (2 annotations)
  * Integration Tests (Python 3.12) succeeded (1 annotation)
  * Unit Tests (Python 3.11) failed (2 annotations)
  * Uni
================================================================================

================================================================================
⚠️  ERROR EMAIL DETECTED
================================================================================
Time:     2026-09-06 23:04:17
Email ID: 1677
Date:     Mon, 31 Aug 2026 22:49:07 +0800
From:     "NiubiStar Support Team" <market@mcpcnserver.com>
Subject:  A practical visibility plan for webscout mcp

Body (first 500 chars):
Hi wxs-lang,

I am reaching out from NiubiStar, a developer marketing service for open-source, AI, DevTools, SaaS, and infrastructure projects.

We reviewed wxs-lang/webscout-mcp as a public project that may benefit from clearer launch and developer-facing promotion.

For early projects, the goal is usually simple: clarify positioning, choose a few relevant channels, and keep the execution lightweight.

What NiubiStar can help with:

- launch positioning and campaign brief
- English project arti
================================================================================

================================================================================
⚠️  ERROR EMAIL DETECTED
================================================================================
Time:     2026-09-06 23:04:17
Email ID: 1679
Date:     Mon, 31 Aug 2026 19:14:52 -0700
From:     "wxs-lang" <notifications@github.com>
Subject:  [wxs-lang/webscout-mcp] Run failed: MCP Live E2E Tests - main
 (3bd028b)

Body (first 500 chars):
[wxs-lang/webscout-mcp] MCP Live E2E Tests workflow run

Repository: wxs-lang/webscout-mcp
Workflow: MCP Live E2E Tests
Duration: 1 minute and 3.0 seconds
Finished: 2026-09-01 02:14:32 UTC

View results: https://github.com/wxs-lang/webscout-mcp/actions/runs/33461734897

Jobs:
  * MCP Live E2E Tests failed (2 annotations)

-- 
You are receiving this because you are subscribed to this thread.
Manage your GitHub Actions notifications: https://github.com/settings/notifications?email_so
================================================================================

================================================================================
⚠️  ERROR EMAIL DETECTED
================================================================================
Time:     2026-09-06 23:04:17
Email ID: 1680
Date:     Mon, 31 Aug 2026 19:30:49 -0700
From:     "wxs-lang" <notifications@github.com>
Subject:  [wxs-lang/webscout-mcp] Run failed: MCP Live E2E Tests - main
 (3bd028b)

Body (first 500 chars):
[wxs-lang/webscout-mcp] MCP Live E2E Tests workflow run

Repository: wxs-lang/webscout-mcp
Workflow: MCP Live E2E Tests
Duration: 1 minute and 3.0 seconds
Finished: 2026-09-01 02:30:29 UTC

View results: https://github.com/wxs-lang/webscout-mcp/actions/runs/33462725677

Jobs:
  * MCP Live E2E Tests failed (2 annotations)

-- 
You are receiving this because you are subscribed to this thread.
Manage your GitHub Actions notifications: https://github.com/settings/notifications?email_so
================================================================================

================================================================================
⚠️  ERROR EMAIL DETECTED
================================================================================
Time:     2026-09-06 23:04:18
Email ID: 1683
Date:     Tue, 1 Sep 2026 01:16:04 -0700
From:     ngrok team <team@m.ngrok.com>
Subject:  Add rate limits to your ngrok endpoint

Body (first 500 chars):
The quickest way to protect your service is to put a rate limit in front of it with a traffic policy. Here’s a quick experiment to apply rate limiting of 30 requests per second to the /api route..

Hey wxs-lang,

Now that your endpoint is secured with auth, your next headache is usually traffic floods: sometimes real users, sometimes bots, sometimes your own test scripts gone wild.

The quickest way to protect your service is to put a rate limit (https://d2v8tf04.na1.hubspotlinks.com/Ctc/5
================================================================================

================================================================================
⚠️  ERROR EMAIL DETECTED
================================================================================
Time:     2026-09-06 23:04:18
Email ID: 1685
Date:     Tue, 01 Sep 2026 19:09:33 -0700
From:     "wxs-lang" <notifications@github.com>
Subject:  [wxs-lang/webscout-mcp] Run failed: Publish to PyPI - v0.6.0
 (79c71da)

Body (first 500 chars):
[wxs-lang/webscout-mcp] Publish to PyPI workflow run

Repository: wxs-lang/webscout-mcp
Workflow: Publish to PyPI
Duration: 4 minutes and 9.0 seconds
Finished: 2026-09-02 02:09:12 UTC

View results: https://github.com/wxs-lang/webscout-mcp/actions/runs/33581877023

Jobs:
  * Pre-Publish Tests succeeded (1 annotation)
  * Build Package succeeded (1 annotation)
  * Publish to PyPI failed (2 annotations)
  * Post-Publish skipped (0 annotations)

-- 
You are receiving this because yo
================================================================================

================================================================================
⚠️  ERROR EMAIL DETECTED
================================================================================
Time:     2026-09-06 23:04:18
Email ID: 1686
Date:     Tue, 01 Sep 2026 19:13:50 -0700
From:     "wxs-lang" <notifications@github.com>
Subject:  [wxs-lang/webscout-mcp] Run failed: Publish to PyPI - v0.6.0
 (79c71da)

Body (first 500 chars):
[wxs-lang/webscout-mcp] Publish to PyPI workflow run

Repository: wxs-lang/webscout-mcp
Workflow: Publish to PyPI
Duration: 8 minutes and 12.0 seconds
Finished: 2026-09-02 02:13:15 UTC

View results: https://github.com/wxs-lang/webscout-mcp/actions/runs/33581877077

Jobs:
  * Pre-Publish Tests succeeded (1 annotation)
  * Build Package succeeded (1 annotation)
  * Publish to PyPI failed (2 annotations)
  * Post-Publish skipped (0 annotations)

-- 
You are receiving this because y
================================================================================

================================================================================
⚠️  ERROR EMAIL DETECTED
================================================================================
Time:     2026-09-06 23:04:18
Email ID: 1690
Date:     Wed, 02 Sep 2026 19:42:22 -0700
From:     "wxs-lang" <notifications@github.com>
Subject:  [wxs-lang/webscout-mcp] Run failed: Publish to PyPI - v0.6.0
 (668d6ef)

Body (first 500 chars):
[wxs-lang/webscout-mcp] Publish to PyPI workflow run

Repository: wxs-lang/webscout-mcp
Workflow: Publish to PyPI
Duration: 3 minutes and 42.0 seconds
Finished: 2026-09-03 02:42:02 UTC

View results: https://github.com/wxs-lang/webscout-mcp/actions/runs/33708379775

Jobs:
  * Pre-Publish Tests failed (2 annotations)
  * Build Package skipped (0 annotations)
  * Publish to PyPI skipped (0 annotations)
  * Post-Publish skipped (0 annotations)

-- 
You are receiving this because you
================================================================================

================================================================================
⚠️  ERROR EMAIL DETECTED
================================================================================
Time:     2026-09-06 23:04:19
Email ID: 1691
Date:     Wed, 02 Sep 2026 19:55:48 -0700
From:     "wxs-lang" <notifications@github.com>
Subject:  [wxs-lang/webscout-mcp] Run failed: Publish to PyPI - v0.6.0
 (d0adc2c)

Body (first 500 chars):
[wxs-lang/webscout-mcp] Publish to PyPI workflow run

Repository: wxs-lang/webscout-mcp
Workflow: Publish to PyPI
Duration: 4 minutes and 31.0 seconds
Finished: 2026-09-03 02:55:27 UTC

View results: https://github.com/wxs-lang/webscout-mcp/actions/runs/33709168467

Jobs:
  * Pre-Publish Tests succeeded (1 annotation)
  * Build Package succeeded (1 annotation)
  * Publish to PyPI failed (2 annotations)
  * Post-Publish skipped (0 annotations)

-- 
You are receiving this because y
================================================================================

================================================================================
⚠️  ERROR EMAIL DETECTED
================================================================================
Time:     2026-09-06 23:04:19
Email ID: 1692
Date:     Wed, 02 Sep 2026 20:46:57 -0700
From:     "wxs-lang" <notifications@github.com>
Subject:  [wxs-lang/webscout-mcp] PR run failed: Tests - fix: mcp library
 compatibility - use FastMCP (v0.6.2) (349b9d9)

Body (first 500 chars):
[wxs-lang/webscout-mcp] Tests workflow run

Repository: wxs-lang/webscout-mcp
Workflow: Tests
Duration: 5 minutes and 17.0 seconds
Finished: 2026-09-03 03:46:36 UTC

View results: https://github.com/wxs-lang/webscout-mcp/actions/runs/33712258304

Jobs:
  * Fault Injection Tests succeeded (1 annotation)
  * Integration Tests (Python 3.10) succeeded (1 annotation)
  * Unit Tests (Python 3.11) succeeded (1 annotation)
  * Integration Tests (Python 3.11) succeeded (1 annotation)
  * Un
================================================================================

================================================================================
⚠️  ERROR EMAIL DETECTED
================================================================================
Time:     2026-09-06 23:04:19
Email ID: 1693
Date:     Wed, 02 Sep 2026 20:47:31 -0700
From:     "wxs-lang" <notifications@github.com>
Subject:  [wxs-lang/webscout-mcp] Run failed: Publish to PyPI - v0.6.2
 (ca287a5)

Body (first 500 chars):
[wxs-lang/webscout-mcp] Publish to PyPI workflow run

Repository: wxs-lang/webscout-mcp
Workflow: Publish to PyPI
Duration: 5 minutes and 15.0 seconds
Finished: 2026-09-03 03:47:11 UTC

View results: https://github.com/wxs-lang/webscout-mcp/actions/runs/33712296567

Jobs:
  * Pre-Publish Tests failed (2 annotations)
  * Build Package skipped (0 annotations)
  * Publish to PyPI skipped (0 annotations)
  * Post-Publish skipped (0 annotations)

-- 
You are receiving this because you
================================================================================

================================================================================
⚠️  ERROR EMAIL DETECTED
================================================================================
Time:     2026-09-06 23:04:19
Email ID: 1694
Date:     Wed, 02 Sep 2026 20:49:50 -0700
From:     "wxs-lang" <notifications@github.com>
Subject:  [wxs-lang/webscout-mcp] Run failed: Tests - main (ca287a5)

Body (first 500 chars):
[wxs-lang/webscout-mcp] Tests workflow run

Repository: wxs-lang/webscout-mcp
Workflow: Tests
Duration: 7 minutes and 52.0 seconds
Finished: 2026-09-03 03:49:29 UTC

View results: https://github.com/wxs-lang/webscout-mcp/actions/runs/33712276564

Jobs:
  * Unit Tests (Python 3.10) succeeded (1 annotation)
  * Integration Tests (Python 3.11) succeeded (1 annotation)
  * Integration Tests (Python 3.10) succeeded (1 annotation)
  * Fault Injection Tests succeeded (1 annotation)
  * Un
================================================================================

================================================================================
⚠️  ERROR EMAIL DETECTED
================================================================================
Time:     2026-09-06 23:04:19
Email ID: 1695
Date:     Wed, 02 Sep 2026 20:53:24 -0700
From:     "wxs-lang" <notifications@github.com>
Subject:  [wxs-lang/webscout-mcp] Run failed: Automated Release - main
 (b390cda)

Body (first 500 chars):
[wxs-lang/webscout-mcp] Automated Release workflow run

Repository: wxs-lang/webscout-mcp
Workflow: Automated Release
Duration: 2 minutes and 37.0 seconds
Finished: 2026-09-03 03:53:04 UTC

View results: https://github.com/wxs-lang/webscout-mcp/actions/runs/33712826345

Jobs:
  * Check if release is needed succeeded (1 annotation)
  * Quality Gate (verify required checks) failed (1 annotation)
  * Create Release skipped (0 annotations)

-- 
You are receiving this because you are s
================================================================================

================================================================================
⚠️  ERROR EMAIL DETECTED
================================================================================
Time:     2026-09-06 23:04:19
Email ID: 1696
Date:     Wed, 02 Sep 2026 20:54:42 -0700
From:     "wxs-lang" <notifications@github.com>
Subject:  [wxs-lang/webscout-mcp] Run failed: Publish to PyPI - v0.6.2
 (b390cda)

Body (first 500 chars):
[wxs-lang/webscout-mcp] Publish to PyPI workflow run

Repository: wxs-lang/webscout-mcp
Workflow: Publish to PyPI
Duration: 3 minutes and 37.0 seconds
Finished: 2026-09-03 03:54:22 UTC

View results: https://github.com/wxs-lang/webscout-mcp/actions/runs/33712845282

Jobs:
  * Pre-Publish Tests failed (2 annotations)
  * Build Package skipped (0 annotations)
  * Publish to PyPI skipped (0 annotations)
  * Post-Publish skipped (0 annotations)

-- 
You are receiving this because you
================================================================================

================================================================================
⚠️  ERROR EMAIL DETECTED
================================================================================
Time:     2026-09-06 23:04:20
Email ID: 1697
Date:     Wed, 02 Sep 2026 20:56:51 -0700
From:     "wxs-lang" <notifications@github.com>
Subject:  [wxs-lang/webscout-mcp] Run failed: Tests - main (b390cda)

Body (first 500 chars):
[wxs-lang/webscout-mcp] Tests workflow run

Repository: wxs-lang/webscout-mcp
Workflow: Tests
Duration: 6 minutes and 4.0 seconds
Finished: 2026-09-03 03:56:31 UTC

View results: https://github.com/wxs-lang/webscout-mcp/actions/runs/33712826334

Jobs:
  * Fault Injection Tests succeeded (1 annotation)
  * Integration Tests (Python 3.10) succeeded (1 annotation)
  * MCP E2E Tests failed (2 annotations)
  * Integration Tests (Python 3.11) succeeded (1 annotation)
  * Unit Tests (Pyth
================================================================================

================================================================================
⚠️  ERROR EMAIL DETECTED
================================================================================
Time:     2026-09-06 23:04:20
Email ID: 1698
Date:     Wed, 02 Sep 2026 21:05:01 -0700
From:     "wxs-lang" <notifications@github.com>
Subject:  [wxs-lang/webscout-mcp] Run failed: Publish to PyPI - v0.6.2
 (b390cda)

Body (first 500 chars):
[wxs-lang/webscout-mcp] Publish to PyPI workflow run

Repository: wxs-lang/webscout-mcp
Workflow: Publish to PyPI
Duration: 3 minutes and 6.0 seconds
Finished: 2026-09-03 04:04:41 UTC

View results: https://github.com/wxs-lang/webscout-mcp/actions/runs/33713512900

Jobs:
  * Pre-Publish Tests failed (2 annotations)
  * Build Package skipped (0 annotations)
  * Publish to PyPI skipped (0 annotations)
  * Post-Publish skipped (0 annotations)

-- 
You are receiving this because you 
================================================================================

================================================================================
⚠️  ERROR EMAIL DETECTED
================================================================================
Time:     2026-09-06 23:04:20
Email ID: 1700
Date:     Thu, 03 Sep 2026 12:15:59 -0700
From:     GitHub <noreply@github.com>
Subject:  [ACTION REQUIRED] Your GitHub account, wxs-lang, will soon require
 2FA

Body (first 500 chars):
<p>
  Hey wxs-lang!
</p>

<p>

<p>
  We're reaching out to let you know that, as announced last year, we have officially begun requiring users who
  contribute code on GitHub.com to have two-factor authentication (2FA) enabled.
</p>

<p>
  Your account meets this criteria, and you will need to enroll in 2FA within 45 days, by October 18th, 2026 at 00:00 (UTC). After this
  date, your access to GitHub.com will be limited until you enroll in 2FA. Enrolling is easy, and we support seve
================================================================================

================================================================================
⚠️  ERROR EMAIL DETECTED
================================================================================
Time:     2026-09-06 23:04:20
Email ID: 1702
Date:     Thu, 03 Sep 2026 18:54:27 -0700
From:     "wxs-lang" <notifications@github.com>
Subject:  [wxs-lang/webscout-mcp] Run failed: Publish to PyPI - v0.6.3
 (574535d)

Body (first 500 chars):
[wxs-lang/webscout-mcp] Publish to PyPI workflow run

Repository: wxs-lang/webscout-mcp
Workflow: Publish to PyPI
Duration: 4 minutes and 18.0 seconds
Finished: 2026-09-04 01:54:07 UTC

View results: https://github.com/wxs-lang/webscout-mcp/actions/runs/33827231120

Jobs:
  * Pre-Publish Tests failed (2 annotations)
  * Publish to PyPI skipped (0 annotations)
  * Build Package skipped (0 annotations)
  * Post-Publish skipped (0 annotations)

-- 
You are receiving this because you
================================================================================

================================================================================
⚠️  ERROR EMAIL DETECTED
================================================================================
Time:     2026-09-06 23:04:20
Email ID: 1703
Date:     Thu, 03 Sep 2026 18:55:05 -0700
From:     "wxs-lang" <notifications@github.com>
Subject:  [wxs-lang/webscout-mcp] PR run failed: Tests - fix: MCP E2E test
 attribute names for mcp 1.x camelCase (v0.6.3) (28f8db8)

Body (first 500 chars):
[wxs-lang/webscout-mcp] Tests workflow run

Repository: wxs-lang/webscout-mcp
Workflow: Tests
Duration: 5 minutes and 25.0 seconds
Finished: 2026-09-04 01:54:45 UTC

View results: https://github.com/wxs-lang/webscout-mcp/actions/runs/33827200195

Jobs:
  * MCP E2E Tests failed (2 annotations)
  * Unit Tests (Python 3.10) succeeded (1 annotation)
  * Unit Tests (Python 3.12) succeeded (1 annotation)
  * Fault Injection Tests succeeded (1 annotation)
  * Integration Tests (Python 3.1
================================================================================

================================================================================
⚠️  ERROR EMAIL DETECTED
================================================================================
Time:     2026-09-06 23:04:20
Email ID: 1704
Date:     Thu, 03 Sep 2026 18:57:55 -0700
From:     "wxs-lang" <notifications@github.com>
Subject:  [wxs-lang/webscout-mcp] Run failed: Tests - main (574535d)

Body (first 500 chars):
[wxs-lang/webscout-mcp] Tests workflow run

Repository: wxs-lang/webscout-mcp
Workflow: Tests
Duration: 8 minutes and 14.0 seconds
Finished: 2026-09-04 01:57:35 UTC

View results: https://github.com/wxs-lang/webscout-mcp/actions/runs/33827201889

Jobs:
  * MCP E2E Tests failed (2 annotations)
  * Fault Injection Tests succeeded (1 annotation)
  * Integration Tests (Python 3.12) succeeded (1 annotation)
  * Unit Tests (Python 3.11) succeeded (1 annotation)
  * Unit Tests (Python 3.1
================================================================================

================================================================================
⚠️  ERROR EMAIL DETECTED
================================================================================
Time:     2026-09-06 23:04:21
Email ID: 1705
Date:     Thu, 03 Sep 2026 19:01:58 -0700
From:     "wxs-lang" <notifications@github.com>
Subject:  [wxs-lang/webscout-mcp] Run failed: Automated Release - main
 (e3a29a2)

Body (first 500 chars):
[wxs-lang/webscout-mcp] Automated Release workflow run

Repository: wxs-lang/webscout-mcp
Workflow: Automated Release
Duration: 3 minutes and 1.0 second
Finished: 2026-09-04 02:01:38 UTC

View results: https://github.com/wxs-lang/webscout-mcp/actions/runs/33827771370

Jobs:
  * Check if release is needed succeeded (1 annotation)
  * Quality Gate (verify required checks) succeeded (0 annotations)
  * Create Release failed (2 annotations)

-- 
You are receiving this because you are 
================================================================================

================================================================================
⚠️  ERROR EMAIL DETECTED
================================================================================
Time:     2026-09-06 23:04:21
Email ID: 1706
Date:     Fri, 04 Sep 2026 10:54:27 -0700
From:     GitHub <noreply@github.com>
Subject:  [GitHub] A third-party OAuth application has been added to your
 account

Body (first 500 chars):
Hey wxs-lang!

A third-party OAuth application (Z.ai) with user:email scopes was recently authorized to access your account.
Visit https://github.com/settings/connections/applications/Ov23liW012MANTRJyBXb for more information.

To see this and other security events for your account, visit https://github.com/settings/security-log

If you run into problems, please contact support by visiting https://github.com/contact

Thanks,
The GitHub Team


================================================================================

================================================================================
⚠️  ERROR EMAIL DETECTED
================================================================================
Time:     2026-09-06 23:04:21
Email ID: 1709
Date:     Fri, 04 Sep 2026 22:11:07 -0700
From:     GitHub <noreply@github.com>
Subject:  [GitHub] A third-party OAuth application has been added to your
 account

Body (first 500 chars):
Hey wxs-lang!

A third-party OAuth application (Experiential platform) with user:email scopes was recently authorized to access your account.
Visit https://github.com/settings/connections/applications/Ov23li6D4axgbDnIoURn for more information.

To see this and other security events for your account, visit https://github.com/settings/security-log

If you run into problems, please contact support by visiting https://github.com/contact

Thanks,
The GitHub Team


================================================================================

================================================================================
⚠️  ERROR EMAIL DETECTED
================================================================================
Time:     2026-09-06 23:04:22
Email ID: 1721
Date:     Sun, 06 Sep 2026 01:32:19 -0700
From:     GitHub <noreply@github.com>
Subject:  [GitHub] A first-party GitHub OAuth application has been added to
 your account

Body (first 500 chars):
Hey wxs-lang!

A first-party GitHub OAuth application (Git Credential Manager) with gist, repo, and workflow scopes was recently authorized to access your account.
Visit https://github.com/settings/connections/applications/0120e057bd645470c1ed for more information.

To see this and other security events for your account, visit https://github.com/settings/security-log

If you run into problems, please contact support by visiting https://github.com/contact

Thanks,
The GitHub Team


================================================================================

================================================================================
⚠️  ERROR EMAIL DETECTED
================================================================================
Time:     2026-09-06 23:04:23
Email ID: 1722
Date:     Sun, 06 Sep 2026 01:35:28 -0700
From:     GitHub <noreply@github.com>
Subject:  [GitHub] Please download your two-factor recovery codes

Body (first 500 chars):
Hey wxs-lang!

You’ve just enabled two-factor authentication.

Please take a moment to check that you have saved your recovery codes in a safe place. You can
download your recovery codes at:

https://github.com/settings/auth/recovery-codes

Recovery codes are the only way to access your account again. By saving your
recovery codes, you’ll be able to regain access if you:

* Lose your phone
* Delete your authenticator app
* Change your phone number

GitHub Support will not be able
================================================================================

================================================================================
⚠️  ERROR EMAIL DETECTED
================================================================================
Time:     2026-09-06 23:04:23
Email ID: 1723
Date:     Sun, 06 Sep 2026 02:07:52 -0700
From:     "wxs-lang" <notifications@github.com>
Subject:  [wxs-lang/webscout-mcp] Run failed: Code Quality - main (0ed342b)

Body (first 500 chars):
[wxs-lang/webscout-mcp] Code Quality workflow run

Repository: wxs-lang/webscout-mcp
Workflow: Code Quality
Duration: 2 minutes and 24.0 seconds
Finished: 2026-09-06 09:07:32 UTC

View results: https://github.com/wxs-lang/webscout-mcp/actions/runs/34023641145

Jobs:
  * Security Scan (bandit) succeeded (1 annotation)
  * CodeQL Analysis (python) succeeded (2 annotations)
  * Lint (ruff) failed (4 annotations)
  * Type Check (mypy) succeeded (1 annotation)
  * Quality Summary succee
================================================================================

================================================================================
⚠️  ERROR EMAIL DETECTED
================================================================================
Time:     2026-09-06 23:04:23
Email ID: 1724
Date:     Sun, 06 Sep 2026 02:10:54 -0700
From:     "wxs-lang" <notifications@github.com>
Subject:  [wxs-lang/webscout-mcp] Run failed: Tests - main (0ed342b)

Body (first 500 chars):
[wxs-lang/webscout-mcp] Tests workflow run

Repository: wxs-lang/webscout-mcp
Workflow: Tests
Duration: 5 minutes and 26.0 seconds
Finished: 2026-09-06 09:10:34 UTC

View results: https://github.com/wxs-lang/webscout-mcp/actions/runs/34023641095

Jobs:
  * Fault Injection Tests succeeded (1 annotation)
  * Integration Tests (Python 3.10) succeeded (1 annotation)
  * MCP E2E Tests succeeded (1 annotation)
  * Unit Tests (Python 3.10) succeeded (1 annotation)
  * Unit Tests (Python 3
================================================================================

================================================================================
⚠️  ERROR EMAIL DETECTED
================================================================================
Time:     2026-09-06 23:04:23
Email ID: 1725
Date:     Sun, 06 Sep 2026 02:26:41 -0700
From:     "wxs-lang" <notifications@github.com>
Subject:  [wxs-lang/webscout-mcp] Run failed: Code Quality - main (521bbc2)

Body (first 500 chars):
[wxs-lang/webscout-mcp] Code Quality workflow run

Repository: wxs-lang/webscout-mcp
Workflow: Code Quality
Duration: 2 minutes and 51.0 seconds
Finished: 2026-09-06 09:26:20 UTC

View results: https://github.com/wxs-lang/webscout-mcp/actions/runs/34024516555

Jobs:
  * Security Scan (bandit) succeeded (1 annotation)
  * Type Check (mypy) succeeded (1 annotation)
  * Lint (ruff) failed (3 annotations)
  * CodeQL Analysis (python) succeeded (2 annotations)
  * Quality Summary succee
================================================================================

================================================================================
⚠️  ERROR EMAIL DETECTED
================================================================================
Time:     2026-09-06 23:04:23
Email ID: 1726
Date:     Sun, 06 Sep 2026 02:28:59 -0700
From:     "wxs-lang" <notifications@github.com>
Subject:  [wxs-lang/webscout-mcp] Run failed: Tests - main (521bbc2)

Body (first 500 chars):
[wxs-lang/webscout-mcp] Tests workflow run

Repository: wxs-lang/webscout-mcp
Workflow: Tests
Duration: 5 minutes and 10.0 seconds
Finished: 2026-09-06 09:28:39 UTC

View results: https://github.com/wxs-lang/webscout-mcp/actions/runs/34024516408

Jobs:
  * MCP E2E Tests succeeded (1 annotation)
  * Integration Tests (Python 3.11) succeeded (1 annotation)
  * Unit Tests (Python 3.10) succeeded (1 annotation)
  * Integration Tests (Python 3.10) succeeded (1 annotation)
  * Fault Inje
================================================================================

================================================================================
⚠️  ERROR EMAIL DETECTED
================================================================================
Time:     2026-09-06 23:04:23
Email ID: 1727
Date:     Sun, 06 Sep 2026 02:32:58 -0700
From:     "wxs-lang" <notifications@github.com>
Subject:  [wxs-lang/webscout-mcp] Run failed: Automated Release - main
 (a5ec283)

Body (first 500 chars):
[wxs-lang/webscout-mcp] Automated Release workflow run

Repository: wxs-lang/webscout-mcp
Workflow: Automated Release
Duration: 1 minute and 12.0 seconds
Finished: 2026-09-06 09:32:38 UTC

View results: https://github.com/wxs-lang/webscout-mcp/actions/runs/34024891675

Jobs:
  * Check if release is needed succeeded (1 annotation)
  * Quality Gate (verify required checks) failed (1 annotation)
  * Create Release skipped (0 annotations)

-- 
You are receiving this because you are su
================================================================================

================================================================================
⚠️  ERROR EMAIL DETECTED
================================================================================
Time:     2026-09-06 23:04:23
Email ID: 1728
Date:     Sun, 06 Sep 2026 02:37:54 -0700
From:     "wxs-lang" <notifications@github.com>
Subject:  [wxs-lang/webscout-mcp] Run failed: Code Quality - main (a5ec283)

Body (first 500 chars):
[wxs-lang/webscout-mcp] Code Quality workflow run

Repository: wxs-lang/webscout-mcp
Workflow: Code Quality
Duration: 6 minutes and 7.0 seconds
Finished: 2026-09-06 09:37:33 UTC

View results: https://github.com/wxs-lang/webscout-mcp/actions/runs/34024891655

Jobs:
  * CodeQL Analysis (python) succeeded (2 annotations)
  * Security Scan (bandit) succeeded (1 annotation)
  * Type Check (mypy) succeeded (1 annotation)
  * Lint (ruff) failed (3 annotations)
  * Quality Summary succeed
================================================================================

================================================================================
⚠️  ERROR EMAIL DETECTED
================================================================================
Time:     2026-09-06 23:04:24
Email ID: 1729
Date:     Sun, 06 Sep 2026 02:49:36 -0700
From:     "wxs-lang" <notifications@github.com>
Subject:  [wxs-lang/webscout-mcp] Run failed: Code Quality - main (3e709ad)

Body (first 500 chars):
[wxs-lang/webscout-mcp] Code Quality workflow run

Repository: wxs-lang/webscout-mcp
Workflow: Code Quality
Duration: 4 minutes and 23.0 seconds
Finished: 2026-09-06 09:49:16 UTC

View results: https://github.com/wxs-lang/webscout-mcp/actions/runs/34025511543

Jobs:
  * CodeQL Analysis (python) succeeded (2 annotations)
  * Type Check (mypy) succeeded (1 annotation)
  * Security Scan (bandit) succeeded (1 annotation)
  * Lint (ruff) failed (3 annotations)
  * Quality Summary succee
================================================================================

================================================================================
⚠️  ERROR EMAIL DETECTED
================================================================================
Time:     2026-09-06 23:04:24
Email ID: 1730
Date:     Sun, 06 Sep 2026 02:53:13 -0700
From:     "wxs-lang" <notifications@github.com>
Subject:  [wxs-lang/webscout-mcp] Run failed: Tests - main (3e709ad)

Body (first 500 chars):
[wxs-lang/webscout-mcp] Tests workflow run

Repository: wxs-lang/webscout-mcp
Workflow: Tests
Duration: 8 minutes
Finished: 2026-09-06 09:52:53 UTC

View results: https://github.com/wxs-lang/webscout-mcp/actions/runs/34025511524

Jobs:
  * Fault Injection Tests succeeded (1 annotation)
  * Unit Tests (Python 3.12) succeeded (1 annotation)
  * MCP E2E Tests succeeded (1 annotation)
  * Integration Tests (Python 3.10) succeeded (1 annotation)
  * Unit Tests (Python 3.10) succeeded (1
================================================================================

================================================================================
⚠️  ERROR EMAIL DETECTED
================================================================================
Time:     2026-09-06 23:04:24
Email ID: 1731
Date:     Sun, 06 Sep 2026 03:17:51 -0700
From:     "wxs-lang" <notifications@github.com>
Subject:  [wxs-lang/webscout-mcp] Run failed: Automated Release - main
 (df5e5b4)

Body (first 500 chars):
[wxs-lang/webscout-mcp] Automated Release workflow run

Repository: wxs-lang/webscout-mcp
Workflow: Automated Release
Duration: 1 minute
Finished: 2026-09-06 10:17:31 UTC

View results: https://github.com/wxs-lang/webscout-mcp/actions/runs/34026965119

Jobs:
  * Check if release is needed succeeded (1 annotation)
  * Quality Gate (verify required checks) failed (1 annotation)
  * Create Release skipped (0 annotations)

-- 
You are receiving this because you are subscribed to this 
================================================================================

================================================================================
⚠️  ERROR EMAIL DETECTED
================================================================================
Time:     2026-09-06 23:04:24
Email ID: 1732
Date:     Sun, 06 Sep 2026 03:19:51 -0700
From:     "wxs-lang" <notifications@github.com>
Subject:  [wxs-lang/webscout-mcp] Run failed: Code Quality - main (df5e5b4)

Body (first 500 chars):
[wxs-lang/webscout-mcp] Code Quality workflow run

Repository: wxs-lang/webscout-mcp
Workflow: Code Quality
Duration: 3 minutes
Finished: 2026-09-06 10:19:31 UTC

View results: https://github.com/wxs-lang/webscout-mcp/actions/runs/34026965130

Jobs:
  * Security Scan (bandit) succeeded (1 annotation)
  * CodeQL Analysis (python) succeeded (2 annotations)
  * Type Check (mypy) succeeded (1 annotation)
  * Lint (ruff) failed (3 annotations)
  * Quality Summary succeeded (0 annotation
================================================================================

================================================================================
⚠️  ERROR EMAIL DETECTED
================================================================================
Time:     2026-09-06 23:04:24
Email ID: 1733
Date:     Sun, 06 Sep 2026 03:25:34 -0700
From:     "wxs-lang" <notifications@github.com>
Subject:  [wxs-lang/webscout-mcp] Run failed: Tests - main (df5e5b4)

Body (first 500 chars):
[wxs-lang/webscout-mcp] Tests workflow run

Repository: wxs-lang/webscout-mcp
Workflow: Tests
Duration: 8 minutes and 43.0 seconds
Finished: 2026-09-06 10:25:14 UTC

View results: https://github.com/wxs-lang/webscout-mcp/actions/runs/34026965153

Jobs:
  * Unit Tests (Python 3.12) succeeded (1 annotation)
  * Unit Tests (Python 3.10) succeeded (1 annotation)
  * Unit Tests (Python 3.11) succeeded (1 annotation)
  * Integration Tests (Python 3.10) succeeded (1 annotation)
  * Integr
================================================================================

================================================================================
⚠️  ERROR EMAIL DETECTED
================================================================================
Time:     2026-09-06 23:04:24
Email ID: 1734
Date:     Sun, 06 Sep 2026 03:32:27 -0700
From:     "wxs-lang" <notifications@github.com>
Subject:  [wxs-lang/webscout-mcp] Run failed: Automated Release - main
 (ebf3cb8)

Body (first 500 chars):
[wxs-lang/webscout-mcp] Automated Release workflow run

Repository: wxs-lang/webscout-mcp
Workflow: Automated Release
Duration: 2 minutes and 45.0 seconds
Finished: 2026-09-06 10:32:07 UTC

View results: https://github.com/wxs-lang/webscout-mcp/actions/runs/34027555865

Jobs:
  * Check if release is needed succeeded (1 annotation)
  * Quality Gate (verify required checks) succeeded (0 annotations)
  * Create Release failed (2 annotations)

-- 
You are receiving this because you ar
================================================================================

================================================================================
⚠️  ERROR EMAIL DETECTED
================================================================================
Time:     2026-09-06 23:04:25
Email ID: 1735
Date:     Sun, 06 Sep 2026 03:35:14 -0700
From:     "wxs-lang" <notifications@github.com>
Subject:  [wxs-lang/webscout-mcp] Run failed: Tests - main (ebf3cb8)

Body (first 500 chars):
[wxs-lang/webscout-mcp] Tests workflow run

Repository: wxs-lang/webscout-mcp
Workflow: Tests
Duration: 5 minutes and 31.0 seconds
Finished: 2026-09-06 10:34:53 UTC

View results: https://github.com/wxs-lang/webscout-mcp/actions/runs/34027555860

Jobs:
  * Unit Tests (Python 3.12) succeeded (1 annotation)
  * Integration Tests (Python 3.11) succeeded (1 annotation)
  * Integration Tests (Python 3.10) succeeded (1 annotation)
  * Fault Injection Tests succeeded (1 annotation)
  * Un
================================================================================

================================================================================
⚠️  ERROR EMAIL DETECTED
================================================================================
Time:     2026-09-06 23:04:25
Email ID: 1736
Date:     Sun, 06 Sep 2026 05:12:06 -0700
From:     "wxs-lang" <notifications@github.com>
Subject:  [wxs-lang/webscout-mcp] Run failed: Automated Release - main
 (9ff3bdc)

Body (first 500 chars):
[wxs-lang/webscout-mcp] Automated Release workflow run

Repository: wxs-lang/webscout-mcp
Workflow: Automated Release
Duration: 3 minutes and 7.0 seconds
Finished: 2026-09-06 12:11:46 UTC

View results: https://github.com/wxs-lang/webscout-mcp/actions/runs/34032235313

Jobs:
  * Check if release is needed succeeded (1 annotation)
  * Quality Gate (verify required checks) succeeded (0 annotations)
  * Create Release failed (2 annotations)

-- 
You are receiving this because you are
================================================================================

================================================================================
⚠️  ERROR EMAIL DETECTED
================================================================================
Time:     2026-09-06 23:04:25
Email ID: 1737
Date:     Sun, 06 Sep 2026 06:40:38 -0700
From:     "wxs-lang" <notifications@github.com>
Subject:  [wxs-lang/webscout-mcp] Run failed: Tests - main (356e738)

Body (first 500 chars):
[wxs-lang/webscout-mcp] Tests workflow run

Repository: wxs-lang/webscout-mcp
Workflow: Tests
Duration: 2 minutes and 44.0 seconds
Finished: 2026-09-06 13:40:18 UTC

View results: https://github.com/wxs-lang/webscout-mcp/actions/runs/34036661945

Jobs:
  * Fault Injection Tests succeeded (1 annotation)
  * Integration Tests (Python 3.10) succeeded (1 annotation)
  * MCP E2E Tests succeeded (1 annotation)
  * Unit Tests (Python 3.12) failed (2 annotations)
  * Integration Tests (Pyt
================================================================================

================================================================================
⚠️  ERROR EMAIL DETECTED
================================================================================
Time:     2026-09-06 23:04:25
Email ID: 1738
Date:     Sun, 06 Sep 2026 06:41:03 -0700
From:     "wxs-lang" <notifications@github.com>
Subject:  [wxs-lang/webscout-mcp] Run failed: Publish to PyPI - v1.0.5
 (356e738)

Body (first 500 chars):
[wxs-lang/webscout-mcp] Publish to PyPI workflow run

Repository: wxs-lang/webscout-mcp
Workflow: Publish to PyPI
Duration: 3 minutes and 3.0 seconds
Finished: 2026-09-06 13:40:43 UTC

View results: https://github.com/wxs-lang/webscout-mcp/actions/runs/34036667613

Jobs:
  * Pre-Publish Tests failed (2 annotations)
  * Build Package skipped (0 annotations)
  * Post-Publish skipped (0 annotations)
  * Publish to PyPI skipped (0 annotations)

-- 
You are receiving this because you 
================================================================================

================================================================================
⚠️  ERROR EMAIL DETECTED
================================================================================
Time:     2026-09-07 12:57:35
Email ID: 1729
Date:     Sun, 06 Sep 2026 02:49:36 -0700
From:     "wxs-lang" <notifications@github.com>
Subject:  [wxs-lang/webscout-mcp] Run failed: Code Quality - main (3e709ad)

Body (first 500 chars):
[wxs-lang/webscout-mcp] Code Quality workflow run

Repository: wxs-lang/webscout-mcp
Workflow: Code Quality
Duration: 4 minutes and 23.0 seconds
Finished: 2026-09-06 09:49:16 UTC

View results: https://github.com/wxs-lang/webscout-mcp/actions/runs/34025511543

Jobs:
  * CodeQL Analysis (python) succeeded (2 annotations)
  * Type Check (mypy) succeeded (1 annotation)
  * Security Scan (bandit) succeeded (1 annotation)
  * Lint (ruff) failed (3 annotations)
  * Quality Summary succee
================================================================================

================================================================================
⚠️  ERROR EMAIL DETECTED
================================================================================
Time:     2026-09-07 12:57:36
Email ID: 1730
Date:     Sun, 06 Sep 2026 02:53:13 -0700
From:     "wxs-lang" <notifications@github.com>
Subject:  [wxs-lang/webscout-mcp] Run failed: Tests - main (3e709ad)

Body (first 500 chars):
[wxs-lang/webscout-mcp] Tests workflow run

Repository: wxs-lang/webscout-mcp
Workflow: Tests
Duration: 8 minutes
Finished: 2026-09-06 09:52:53 UTC

View results: https://github.com/wxs-lang/webscout-mcp/actions/runs/34025511524

Jobs:
  * Fault Injection Tests succeeded (1 annotation)
  * Unit Tests (Python 3.12) succeeded (1 annotation)
  * MCP E2E Tests succeeded (1 annotation)
  * Integration Tests (Python 3.10) succeeded (1 annotation)
  * Unit Tests (Python 3.10) succeeded (1
================================================================================

================================================================================
⚠️  ERROR EMAIL DETECTED
================================================================================
Time:     2026-09-07 12:57:36
Email ID: 1731
Date:     Sun, 06 Sep 2026 03:17:51 -0700
From:     "wxs-lang" <notifications@github.com>
Subject:  [wxs-lang/webscout-mcp] Run failed: Automated Release - main
 (df5e5b4)

Body (first 500 chars):
[wxs-lang/webscout-mcp] Automated Release workflow run

Repository: wxs-lang/webscout-mcp
Workflow: Automated Release
Duration: 1 minute
Finished: 2026-09-06 10:17:31 UTC

View results: https://github.com/wxs-lang/webscout-mcp/actions/runs/34026965119

Jobs:
  * Check if release is needed succeeded (1 annotation)
  * Quality Gate (verify required checks) failed (1 annotation)
  * Create Release skipped (0 annotations)

-- 
You are receiving this because you are subscribed to this 
================================================================================

================================================================================
⚠️  ERROR EMAIL DETECTED
================================================================================
Time:     2026-09-07 12:57:36
Email ID: 1732
Date:     Sun, 06 Sep 2026 03:19:51 -0700
From:     "wxs-lang" <notifications@github.com>
Subject:  [wxs-lang/webscout-mcp] Run failed: Code Quality - main (df5e5b4)

Body (first 500 chars):
[wxs-lang/webscout-mcp] Code Quality workflow run

Repository: wxs-lang/webscout-mcp
Workflow: Code Quality
Duration: 3 minutes
Finished: 2026-09-06 10:19:31 UTC

View results: https://github.com/wxs-lang/webscout-mcp/actions/runs/34026965130

Jobs:
  * Security Scan (bandit) succeeded (1 annotation)
  * CodeQL Analysis (python) succeeded (2 annotations)
  * Type Check (mypy) succeeded (1 annotation)
  * Lint (ruff) failed (3 annotations)
  * Quality Summary succeeded (0 annotation
================================================================================

================================================================================
⚠️  ERROR EMAIL DETECTED
================================================================================
Time:     2026-09-07 12:57:36
Email ID: 1733
Date:     Sun, 06 Sep 2026 03:25:34 -0700
From:     "wxs-lang" <notifications@github.com>
Subject:  [wxs-lang/webscout-mcp] Run failed: Tests - main (df5e5b4)

Body (first 500 chars):
[wxs-lang/webscout-mcp] Tests workflow run

Repository: wxs-lang/webscout-mcp
Workflow: Tests
Duration: 8 minutes and 43.0 seconds
Finished: 2026-09-06 10:25:14 UTC

View results: https://github.com/wxs-lang/webscout-mcp/actions/runs/34026965153

Jobs:
  * Unit Tests (Python 3.12) succeeded (1 annotation)
  * Unit Tests (Python 3.10) succeeded (1 annotation)
  * Unit Tests (Python 3.11) succeeded (1 annotation)
  * Integration Tests (Python 3.10) succeeded (1 annotation)
  * Integr
================================================================================

================================================================================
⚠️  ERROR EMAIL DETECTED
================================================================================
Time:     2026-09-07 12:57:36
Email ID: 1734
Date:     Sun, 06 Sep 2026 03:32:27 -0700
From:     "wxs-lang" <notifications@github.com>
Subject:  [wxs-lang/webscout-mcp] Run failed: Automated Release - main
 (ebf3cb8)

Body (first 500 chars):
[wxs-lang/webscout-mcp] Automated Release workflow run

Repository: wxs-lang/webscout-mcp
Workflow: Automated Release
Duration: 2 minutes and 45.0 seconds
Finished: 2026-09-06 10:32:07 UTC

View results: https://github.com/wxs-lang/webscout-mcp/actions/runs/34027555865

Jobs:
  * Check if release is needed succeeded (1 annotation)
  * Quality Gate (verify required checks) succeeded (0 annotations)
  * Create Release failed (2 annotations)

-- 
You are receiving this because you ar
================================================================================

================================================================================
⚠️  ERROR EMAIL DETECTED
================================================================================
Time:     2026-09-07 12:57:36
Email ID: 1735
Date:     Sun, 06 Sep 2026 03:35:14 -0700
From:     "wxs-lang" <notifications@github.com>
Subject:  [wxs-lang/webscout-mcp] Run failed: Tests - main (ebf3cb8)

Body (first 500 chars):
[wxs-lang/webscout-mcp] Tests workflow run

Repository: wxs-lang/webscout-mcp
Workflow: Tests
Duration: 5 minutes and 31.0 seconds
Finished: 2026-09-06 10:34:53 UTC

View results: https://github.com/wxs-lang/webscout-mcp/actions/runs/34027555860

Jobs:
  * Unit Tests (Python 3.12) succeeded (1 annotation)
  * Integration Tests (Python 3.11) succeeded (1 annotation)
  * Integration Tests (Python 3.10) succeeded (1 annotation)
  * Fault Injection Tests succeeded (1 annotation)
  * Un
================================================================================

================================================================================
⚠️  ERROR EMAIL DETECTED
================================================================================
Time:     2026-09-07 12:57:37
Email ID: 1736
Date:     Sun, 06 Sep 2026 05:12:06 -0700
From:     "wxs-lang" <notifications@github.com>
Subject:  [wxs-lang/webscout-mcp] Run failed: Automated Release - main
 (9ff3bdc)

Body (first 500 chars):
[wxs-lang/webscout-mcp] Automated Release workflow run

Repository: wxs-lang/webscout-mcp
Workflow: Automated Release
Duration: 3 minutes and 7.0 seconds
Finished: 2026-09-06 12:11:46 UTC

View results: https://github.com/wxs-lang/webscout-mcp/actions/runs/34032235313

Jobs:
  * Check if release is needed succeeded (1 annotation)
  * Quality Gate (verify required checks) succeeded (0 annotations)
  * Create Release failed (2 annotations)

-- 
You are receiving this because you are
================================================================================

================================================================================
⚠️  ERROR EMAIL DETECTED
================================================================================
Time:     2026-09-07 12:57:37
Email ID: 1737
Date:     Sun, 06 Sep 2026 06:40:38 -0700
From:     "wxs-lang" <notifications@github.com>
Subject:  [wxs-lang/webscout-mcp] Run failed: Tests - main (356e738)

Body (first 500 chars):
[wxs-lang/webscout-mcp] Tests workflow run

Repository: wxs-lang/webscout-mcp
Workflow: Tests
Duration: 2 minutes and 44.0 seconds
Finished: 2026-09-06 13:40:18 UTC

View results: https://github.com/wxs-lang/webscout-mcp/actions/runs/34036661945

Jobs:
  * Fault Injection Tests succeeded (1 annotation)
  * Integration Tests (Python 3.10) succeeded (1 annotation)
  * MCP E2E Tests succeeded (1 annotation)
  * Unit Tests (Python 3.12) failed (2 annotations)
  * Integration Tests (Pyt
================================================================================

================================================================================
⚠️  ERROR EMAIL DETECTED
================================================================================
Time:     2026-09-07 12:57:37
Email ID: 1738
Date:     Sun, 06 Sep 2026 06:41:03 -0700
From:     "wxs-lang" <notifications@github.com>
Subject:  [wxs-lang/webscout-mcp] Run failed: Publish to PyPI - v1.0.5
 (356e738)

Body (first 500 chars):
[wxs-lang/webscout-mcp] Publish to PyPI workflow run

Repository: wxs-lang/webscout-mcp
Workflow: Publish to PyPI
Duration: 3 minutes and 3.0 seconds
Finished: 2026-09-06 13:40:43 UTC

View results: https://github.com/wxs-lang/webscout-mcp/actions/runs/34036667613

Jobs:
  * Pre-Publish Tests failed (2 annotations)
  * Build Package skipped (0 annotations)
  * Post-Publish skipped (0 annotations)
  * Publish to PyPI skipped (0 annotations)

-- 
You are receiving this because you 
================================================================================

================================================================================
⚠️  ERROR EMAIL DETECTED
================================================================================
Time:     2026-09-07 12:57:38
Email ID: 1748
Date:     Sun, 06 Sep 2026 21:18:28 -0700
From:     "wxs-lang" <notifications@github.com>
Subject:  [wxs-lang/webscout-mcp] Run failed: Live Network Tests - main
 (a94f118)

Body (first 500 chars):
[wxs-lang/webscout-mcp] Live Network Tests workflow run

Repository: wxs-lang/webscout-mcp
Workflow: Live Network Tests
Duration: 2 minutes and 14.0 seconds
Finished: 2026-09-07 04:18:08 UTC

View results: https://github.com/wxs-lang/webscout-mcp/actions/runs/34082446925

Jobs:
  * Live Network Tests failed (2 annotations)

-- 
You are receiving this because you are subscribed to this thread.
Manage your GitHub Actions notifications: https://github.com/settings/notifications?email_
================================================================================
